Key,Type,Desc,English,Korean,Japanese,German,Spanish,Portuguese (Brazil),Vietnamese,Russian,Indonesian,Thai,French,$Arabic,Hindi,Turkish
150 Value,Text,,150% Value,150% 가치,150％の価値,150 % Wert,150 % Valor,150% Valor,Giá trị 150%,150% ценности,150% Nilai,มูลค่า 150%,Valeur à 150 %,قيمة 150%,150% मूल्य,%150 Değer
1st place,Text,,1st place,1등,1位,1. Platz,1.º lugar,1º lugar,Hạng 1,1-е место,Peringkat 1,อันดับ 1,1er place,المركز الأول,पहला स्थान,1. Sıra
2x random booster,Text,,Random booster,무작위 부스터,ランダムブースター,Zufälliger Booster,Booster aleatorio,Impulsionador aleatório,Booster ngẫu nhiên,Случайный бустер,Booster acak,บูสเตอร์สุ่ม,Booster aléatoire,مُعزِّز عشوائي,रैंडम बूस्टर,Rastgele güçlendirici
8 lives instead of 5,Text,,{[VALUE]} lives instead of 5,5개 대신 {[VALUE]}개의 목숨,5ではなく{[VALUE]}ライフ,{[VALUE]} Leben statt 5,{[VALUE]} vidas en lugar de 5,{[VALUE]} vidas em vez de 5,{[VALUE]} mạng thay vì 5,{[VALUE]} жизней вместо 5,"{[VALUE]} nyawa, bukan 5",มีชีวิต {[VALUE]} ครั้งแทนที่จะเป็น 5,{[VALUE]} vies au lieu de 5,{[VALUE]} أرواح بدلاً من ٥,5 के बजाय {[VALUE]} जीवन,5 yerine {[VALUE]} can
Activate,Text,,Activate,활성화,有効化,Aktivieren,Activar,Ativar,Kích hoạt,Активировать,Aktifkan,เปิดใช้งาน,Activer,تفعيل,सक्रिय करें,Etkinleştir
Activate the Grill Pass to unlock this for a limited time!,Text,,Activate the Grill Pass to unlock this {[value]} for a limited time!,그릴 패스를 활성화하여 제한된 시간 동안 이 {[value]}을(를) 잠금 해제하세요!,グリルパスを有効にして、期間限定でこの{[value]}をアンロック！,"Aktiviere den Grill-Pass, um dieses {[value]} für begrenzte Zeit freizuschalten!",Activa el Pase de Parrilla para desbloquear este {[value]} por tiempo limitado.,Ative o Passe da Churrasqueira para desbloquear este {[value]} por tempo limitado!,Kích hoạt Grill Pass để mở khóa {[value]} trong thời gian giới hạn!,"Активируй Гриль-Пасс, чтобы разблокировать этот {[value]} на ограниченное время!",Aktifkan Tiket Pemanggang untuk membuka {[value]} selama waktu terbatas!,เปิดใช้งานบัตรย่างเพื่อปลดล็อก {[value]} ภายในเวลาจำกัด!,Activez le Pass Grillade pour débloquer ce {[value]} pendant une durée limitée !,فعّل تذكرة الشواء لفتح هذا {[value]} لفترة محدودة!,ग्रिल पास सक्रिय करें और सीमित समय के लिए इस {[value]} को अनलॉक करें!,"Mangal Bileti’ni etkinleştir, bu {[value]} kilidini sınırlı süreliğine aç!"
Activate the Harvest Pass to unlock this for a limited time!,Text,,Activate the Harvest Pass to unlock this {[value]} for a limited time!,하베스트 패스를 활성화하여 제한된 시간 동안 이 {[value]}을(를) 잠금 해제하세요!,ハーベストパスを有効にして、期間限定でこの{[value]}をアンロック！,"Aktiviere den Ernte-Pass, um dieses {[value]} für begrenzte Zeit freizuschalten!",Activa el Pase de Cosecha para desbloquear este {[value]} por tiempo limitado.,Ative o Passe da Colheita para desbloquear este {[value]} por tempo limitado!,Kích hoạt Harvest Pass để mở khóa {[value]} trong thời gian giới hạn!,"Активируй Урожай-Пасс, чтобы разблокировать этот {[value]} на ограниченное время!",Aktifkan Tiket Panen untuk membuka {[value]} selama waktu terbatas!,เปิดใช้งานบัตรเก็บเกี่ยวเพื่อปลดล็อก {[value]} ภายในเวลาจำกัด!,Activez le Pass Récolte pour débloquer ce {[value]} pendant une durée limitée !,فعّل تذكرة الحصاد لفتح هذا {[value]} لفترة محدودة!,हार्वेस्ट पास सक्रिय करें और सीमित समय के लिए इस {[value]} को अनलॉक करें!,"Hasat Bileti’ni etkinleştir, bu {[value]} kilidini sınırlı süreliğine aç!"
Activate the Pass to unlock this for a limited time!,Text,,Activate the Pass to unlock this {[value]} for a limited time!,패스를 활성화하여 제한된 시간 동안 이 {[value]}을(를) 잠금 해제하세요!,パスを有効にして、期間限定でこの{[value]}をアンロック！,"Aktiviere den Pass, um dieses {[value]} für begrenzte Zeit freizuschalten!",Activa el Pase para desbloquear este {[value]} por tiempo limitado.,Ative o Passe para desbloquear este {[value]} por tempo limitado!,Kích hoạt Thẻ để mở khóa {[value]} trong thời gian giới hạn!,"Активируй Пропуск, чтобы разблокировать этот {[value]} на ограниченное время!",Aktifkan Tiket untuk membuka {[value]} selama waktu terbatas!,เปิดใช้งานบัตรเพื่อปลดล็อก {[value]} ภายในเวลาจำกัด!,Activez le Pass pour débloquer ce {[value]} pendant une durée limitée !,فعّل التذكرة لفتح هذا {[value]} لفترة محدودة!,पास सक्रिय करें और सीमित समय के लिए इस {[value]} को अनलॉक करें!,"Bileti etkinleştir, bu {[value]} kilidini sınırlı süreliğine aç!"
Activated!,Text,,Activated!,활성화됨!,アクティブ！,Aktiviert!,¡Activado!,Ativado!,Đã kích hoạt!,Активировано!,Aktif!,เปิดใช้งานแล้ว!,Activé !,تم التفعيل!,सक्रिय किया गया!,Etkin!
Activity,Text,,Activity,활동,活動,Aktivität,Actividad,Atividade,Hoạt động,Активность,Aktivitas,กิจกรรม,Activité,نشاط,गतिविधि,Aktivite
Add 1 plate and continue!,Text,,Add 1 plate and continue!,접시 1개를 추가하고 계속하세요!,皿を1枚追加して続行！,Füge 1 Teller hinzu und mache weiter!,¡Agrega 1 plato y continúa!,Adicione 1 prato e continue!,Thêm 1 đĩa và tiếp tục!,Добавьте 1 тарелку и продолжайте!,Tambahkan 1 piring dan lanjutkan!,เพิ่มจาน 1 ใบแล้วเล่นต่อ!,Ajoutez 1 assiette et continuez !,أضف طبقًا واحدًا وتابع!,1 प्लेट जोड़ें और जारी रखें!,1 tabak ekle ve devam et!
Add 1 tray and continue!,Text,,Add 1 tray and continue!,쟁반 1개를 추가하고 계속하세요!,トレイを1枚追加して続行！,Füge 1 Tablett hinzu und mache weiter!,¡Agrega 1 bandeja y continúa!,Adicione 1 bandeja e continue!,Thêm 1 khay và tiếp tục!,Добавьте 1 поднос и продолжайте!,Tambahkan 1 baki dan lanjutkan!,เพิ่มถาด 1 ใบแล้วเล่นต่อ!,Ajoutez 1 plateau et continuez !,أضف صينية واحدة وتابع!,1 ट्रे जोड़ें और जारी रखें!,1 tepsi ekle ve devam et!
Add 30s to continue,Text,,Add <color=#B73333>{[VALUE]}s</color> to keep playing!,<color=#B73333>{[VALUE]}s</color>초 추가하여 계속하기,<color=red>{[VALUE]}</color>秒追加して続ける,"Füge <color=#B73333>{[VALUE]}s</color> hinzu, um fortzufahren",Agrega <color=#B73333>{[VALUE]}s</color> para continuar,Adicionar <color=#B73333>{[VALUE]}s</color> para continuar,Thêm <color=#B73333>{[VALUE]} giây</color> để tiếp tục,"Добавьте <color=#B73333>{[VALUE]}s</color>, чтобы продолжить игру!",Tambahkan <color=#B73333>{[VALUE]}s</color> untuk terus bermain!,เพิ่ม <color=#B73333>{[VALUE]}s</color> เพื่อเล่นต่อ!,Ajoutez <color=#B73333>{[VALUE]}s</color> pour continuer à jouer !,أضِف <color=#B73333>{[VALUE]}s</color> لمواصلة اللعب!,खेल जारी रखने के लिए <color=#B73333>{[VALUE]}s</color> जोड़ें!,Oynamaya devam etmek için <color=#B73333>{[VALUE]}s ekle!
Add Time,Text,,Add Time,시간 추가,時間追加,Zeit hinzufügen,Añadir tiempo,Adicionar tempo,Thêm thời gian,Добавить время,Tambah Waktu,เพิ่มเวลา,Ajouter du temps,أضف وقتًا,समय जोड़ें,Süre Ekle
Amazing Bundle,Text,,Amazing Bundle,어메이징 번들,アメージングバンドル,Erstaunliches Paket,Paquete asombroso,Pacote incrível,Gói tuyệt vời,Удивительный пакет,Paket luar biasa,ชุดสุดยอด,Pack incroyable,حزمة مذهلة,अद्भुत बंडल,Harika Paket
Amazing Bundle Legend,Text,,Amazing Bundle Legend,어메이징 번들 레전드,アメージングバンドルレジェンド,Erstaunliches Paket Legende,Paquete asombroso Leyenda,Pacote incrível Lenda,Gói tuyệt vời Huyền thoại,Удивительный пакет Легенда,Paket luar biasa Legenda,ชุดสุดยอดตำนาน,Pack incroyable Légende,حزمة مذهلة أسطورية,अद्भुत बंडल लेजेंड,Efsanevi Harika Paket
Amazing Bundle Max,Text,,Amazing Bundle Max,어메이징 번들 맥스,アメージングバンドルマックス,Erstaunliches Paket Max,Paquete asombroso Max,Pacote incrível Max,Gói tuyệt vời Max,Удивительный пакет Макс,Paket luar biasa Max,ชุดสุดยอด Max,Pack incroyable Max,حزمة مذهلة ماكس,अद्भुत बंडल मैक्स,Maksimum Harika Paket
Amazing Bundle Plus,Text,,Amazing Bundle Plus,어메이징 번들 플러스,アメージングバンドルプラス,Erstaunliches Paket Plus,Paquete asombroso Plus,Pacote incrível Plus,Gói tuyệt vời Plus,Удивительный пакет Плюс,Paket luar biasa Plus,ชุดสุดยอด Plus,Pack incroyable Plus,حزمة مذهلة بلس,अद्भुत बंडल प्लस,Harika Paket Plus
Amazing Bundle Premium,Text,,Amazing Bundle Premium,놀라운 프리미엄 번들,素晴らしいプレミアムバンドル,Erstaunliches Premium-Paket,Paquete increíble Premium,Pacote incrível Premium,Gói cao cấp tuyệt vời,Потрясающий премиум-набор,Paket Premium Menakjubkan,แพ็คเกจพรีเมียมสุดว้าว,Pack Premium incroyable,حزمة بريميوم مذهلة,शानदार प्रीमियम बंडल,Harika Paket Premium
Amazing Bundle Pro,Text,,Amazing Bundle Pro,어메이징 번들 프로,アメージングバンドルプロ,Erstaunliches Paket Pro,Paquete asombroso Pro,Pacote incrível Pro,Gói tuyệt vời Pro,Удивительный пакет Про,Paket luar biasa Pro,ชุดสุดยอด Pro,Pack incroyable Pro,حزمة مذهلة برو,अद्भुत बंडल प्रो,Harika Paket Pro
Amazing!,Text,,Amazing!,놀라워!,すごいね！,Erstaunlich!,¡Asombroso!,Surpreendente!,Tuyệt vời quá!,Потрясающе!,Mengagumkan!,น่าทึ่ง!,Incroyable !,مذهل!,अद्भुत!,Şaşırtıcı!
American Dishes,Text,,American Dishes,아메리칸 요리,アメリカ料理,Amerikanische Gerichte,Platos americanos,Pratos americanos,Món Mỹ,Американские блюда,Hidangan Amerika,อาหารอเมริกัน,Plats américains,أطباق أمريكية,अमेरिकी व्यंजन,Amerikan Yemekleri
An Invitation from Osaka,Text,,An Invitation from Osaka,오사카에서 온 초대,大阪からの招待,Eine Einladung aus Osaka,Una invitación desde Osaka,Um convite de Osaka,Lời Mời Từ Osaka,Приглашение из Осаки,Undangan dari Osaka,คำเชิญจากโอซาก้า,Une invitation d’Osaka,دعوة من أوساكا,ओसाका से निमंत्रण,Osaka’dan Davet
Are you sure you want to KICK out of the team?,Text,,Are you sure you want to KICK out of the team?,정말로 팀에서 강퇴하시겠습니까?,本当にチームから追放しますか？,"Bist du sicher, dass du aus dem Team werfen willst?",¿Seguro que quieres expulsar del equipo?,Tem certeza que deseja expulsar do time?,Bạn có chắc muốn đuổi khỏi đội?,"Вы уверены, что хотите выгнать из команды?",Yakin ingin mengeluarkan dari tim?,แน่ใจหรือว่าต้องการเตะออกจากทีม?,Voulez-vous vraiment expulser de l'équipe ?,هل أنت متأكد أنك تريد طرد من الفريق؟,क्या आप सुनिश्चित हैं कि टीम से बाहर करना चाहते हैं?,Takımdan atmak istediğine emin misin?
Are you sure you want to leave the team?,Text,,Are you sure you want to leave the team?,정말 팀을 떠나시겠습니까?,本当にチームを抜けますか？,"Bist du sicher, dass du das Team verlassen willst?",¿Seguro que quieres salir del equipo?,Tem certeza que deseja sair do time?,Bạn có chắc muốn rời đội không?,"Вы уверены, что хотите покинуть команду?",Yakin ingin keluar dari tim?,แน่ใจหรือว่าต้องการออกจากทีม?,Êtes-vous sûr de vouloir quitter l'équipe ?,هل أنت متأكد أنك تريد مغادرة الفريق؟,क्या आप सुनिश्चित हैं कि टीम छोड़ना चाहते हैं?,Takımdan ayrılmak istediğine emin misin?
Area,Text,,Area {[VALUE]},"영역 
{[VALUE]}","エリア 
{[VALUE]}","Bereich 
{[VALUE]}","Área 
{[VALUE]}","Área 
{[VALUE]}",Khu vực {[VALUE]},"Зона 
{[VALUE]}","Area 
{[VALUE]}","พื้นที่ 
{[VALUE]}","Zone 
{[VALUE]}","منطقة 
{[VALUE]}","क्षेत्र 
{[VALUE]}",Alan {[VALUE]}
Area Lock,Text,,Area Lock,구역 잠금,エリアロック,Bereichssperre,Bloqueo de área,Bloqueio de área,Khu vực bị khóa,Блокировка зоны,Kunci Wilayah,พื้นที่ถูกล็อก,Verrouillage de zone,قفل المنطقة,क्षेत्र लॉक,Alan Kilidi
Areas,Text,,Areas,지역,エリア,Bereiche,Áreas,Áreas,Các khu vực,Зоны,Area,พื้นที่,Zones,مناطق,क्षेत्र,Alanlar
Aurum Flow,Text,,Aurum Flow,오리움 플로우,オーラムフロー,Aurumfluss,Flujo áureo,Fluxo áureo,Dòng chảy vàng,Золотой поток,Aliran emas,กระแสทอง,Flux d'or,تدفق ذهبي,स्वर्ण प्रवाह,Altın Akışı
Available,Text,,Available,사용 가능,利用可能,verfügbar,disponible,disponível,Có sẵn,доступно,tersedia,พร้อมใช้งาน,Disponible,متاح,उपलब्ध,Mevcut
Available in value,Text,,Available in {[VALUE]},{[VALUE]}에 이용 가능,{[VALUE]}に利用可能,Verfügbar am {[VALUE]},Disponible el {[VALUE]},Disponível em {[VALUE]},Có sẵn vào {[VALUE]},Доступно {[VALUE]},Tersedia pada {[VALUE]},ใช้งานได้ในวันที่ {[VALUE]},Disponible le {[VALUE]},متاح في {[VALUE]},{[VALUE]} को उपलब्ध,{[VALUE]} tarihinde mevcut
Avatar,Text,,Avatar,아바타,アバター,Avatar,Avatar,Avatar,Ảnh,Аватар,Avatar,อวตาร,Avatar,أفاتار,अवतार,Avatar
Avocado,Text,,Avocado,아보카도,アボカド,Avocado,Aguacate,Abacate,Bơ,Авокадо,Alpukat,อะโวคาโด,Avocat,أفوكادو,एवोकाडो,Avokado
Awakening Light,Text,,Awakening Light,깨어나는 빛,目覚めの光,Erwachendes Licht,Luz del despertar,Luz do Despertar,Ánh Sáng Thức Tỉnh,Пробуждающий свет,Cahaya Kebangkitan,แสงแห่งการตื่นรู้,Lumière de l’éveil,نور الاستيقاظ,जागृति की रोशनी,Uyanış Işığı
Awakening the Fire Spirit,Text,,Awakening the Fire Spirit,불의 정령을 깨우다,炎の精霊の目覚め,Das Erwachen des Feuerschgeistes,El despertar del espíritu del fuego,O despertar do espírito do fogo,Đánh thức Linh Hồn Lửa,Пробуждение Духа Огня,Membangunkan Roh Api,ปลุกวิญญาณแห่งไฟ,L’éveil de l’esprit du feu,إيقاظ روح النار,अग्नि आत्मा का जागरण,Ateş Ruhu’nun Uyanışı
Awesome!,Text,,Awesome!,최고야!,すごい！,Großartig!,¡Increíble!,Incrível!,Tuyệt vời!,Круто!,Keren!,สุดยอด!,Génial !,رائع!,ज़बरदस्त!,Harika!
BBQ & Grill,Text,,BBQ & Grill,바비큐 & 그릴,BBQ & グリル,BBQ & Grill,BBQ y Parrilla,Churrasco & Grelha,BBQ & Nướng,Барбекю и гриль,BBQ & Panggang,บาร์บีคิว & กริลล์,BBQ & Grillades,شواء وشواية,बीबीक्यू और ग्रिल,Barbekü ve Izgara
Back To School,Text,,Back To School,돌아온 개학,バック,Zurück zur Schule,De vuelta a la escuela,De volta às aulas,Trở lại trường học,Снова в школу,Kembali ke Sekolah,กลับไปโรงเรียน,Retour à l’école,العودة إلى المدرسة,स्कूल वापसी,Okula Dönüş
Badge,Text,,Badge,배지,バッジ,Abzeichen,Insignia,Distintivo,Huy hiệu,Значок,Lencana,เข็มกลัด,Badge,شارة,बैज,Rozet
Barbecue,Text,,Barbecue,바비큐,バーベキュー,Barbecue,Barbacoa,Churrasco,Thịt nướng,Барбекю,Barbekyu,บาร์บีคิว,Barbecue,باربكيو,बारबेक्यू,Barbekü
Beach,Text,,Beach,해변,ビーチ,Strand,Playa,Praia,Bãi Biển,Пляж,Pantai,ชายหาด,Plage,شاطئ,समुद्र तट,Plaj
Beat Level to get Energies!,Text,,Beat Level to get Energies!,레벨을 완료하고 에너지를 얻으세요!,レベルをクリアしてエネルギーを獲得！,"Besiege das Level, um Energie zu erhalten!",¡Supera el nivel para obtener energías!,Vença o nível para ganhar energias!,Vượt qua màn chơi để nhận năng lượng!,"Пройди уровень, чтобы получить энергию!",Kalahkan level untuk mendapatkan energi!,ชนะด่านเพื่อรับพลังงาน!,Terminez le niveau pour obtenir de l’énergie !,اهزم المستوى للحصول على طاقات!,लेवल पूरा करें और ऊर्जा पाएं!,"Bölümü geç, enerji kazan!"
Beat Levels to get Energies,Text,,Beat Levels to get Energies,레벨들을 완료하고 에너지를 얻으세요,レベルをクリアしてエネルギーを獲得,"Besiege die Levels, um Energie zu erhalten",¡Supera los niveles para obtener energías!,Vença os níveis para ganhar energias,Vượt qua nhiều màn chơi để nhận năng lượng,"Пройди уровни, чтобы получить энергию",Kalahkan level-level untuk mendapatkan energi,ชนะหลายด่านเพื่อรับพลังงาน,Terminez les niveaux pour obtenir de l’énergie,اهزم المستويات للحصول على طاقات,लेवल्स पूरा करें और ऊर्जा पाएं,"Bölümleri geç, enerji kazan"
Beat Levels!,Text,,Beat Levels!,레벨들을 클리어!,レベルクリア！,Level geschafft!,¡Supera los niveles!,¡Supera los niveles!,Vượt các màn!,Пройди уровни!,Lewati level-level!,ผ่านด่านทั้งหมด!,Niveaux réussis !,اهزم المستويات!,स्तर पूरे करो!,Bölümleri Geç!
Beat consecutive rounds on your first try before others to complete the mission!,Text,,Beat {[value]} consecutive rounds on your first try before others to complete the mission!,다른 사람보다 먼저 한 번의 시도로 {[value]}연속 라운드를 클리어하여 미션을 완료하세요!,ほかの人より先に一発で{[value]}連続ラウンドをクリアしてミッションを達成しましょう！,"Bestehe {[value]} aufeinanderfolgende Runden beim ersten Versuch vor den anderen, um die Mission abzuschließen!",Supera {[value]} rondas consecutivas en tu primer intento antes que los demás para completar la misión.,Vença {[value]} rodadas consecutivas na sua primeira tentativa antes dos outros para completar a missão!,Vượt qua {[value]} vòng liên tiếp ngay trong lần thử đầu tiên trước người khác để hoàn thành nhiệm vụ!,"Пройди {[value]} раундов подряд с первой попытки раньше других, чтобы завершить миссию!",Selesaikan {[value]} ronde berturut-turut pada percobaan pertama sebelum pemain lain untuk menuntaskan misi!,ผ่าน {[value]} รอบติดต่อกันให้ได้ตั้งแต่ครั้งแรกก่อนคนอื่น เพื่อทำภารกิจให้สำเร็จ!,Termine {[value]} manches consécutives du premier coup avant les autres pour accomplir la mission !,أكمل {[value]} جولات متتالية من المحاولة الأولى قبل الآخرين لإنهاء المهمة!,दूसरों से पहले पहली कोशिश में लगातार {[value]} राउंड पार करें ताकि मिशन पूरा हो सके!,Görevi tamamlamak için diğerlerinden önce {[value]} turu art arda ilk denemede geç!
Beat levels on your first try before others to complete the mission.,Text,,Beat levels on your first try before others to complete the mission.,다른 사람보다 먼저 한 번의 시도로 레벨을 클리어하여 미션을 완료하세요.,ほかの人より先に一発でレベルをクリアしてミッションを達成しましょう。,"Bestehe die Level beim ersten Versuch vor den anderen, um die Mission abzuschließen.",Supera los niveles en tu primer intento antes que los demás para completar la misión.,Vença os níveis na sua primeira tentativa antes dos outros para completar a missão.,Vượt qua các màn chơi ngay trong lần thử đầu tiên trước người khác để hoàn thành nhiệm vụ.,"Пройди уровни с первой попытки раньше других, чтобы завершить миссию.",Selesaikan level pada percobaan pertama sebelum pemain lain untuk menuntaskan misi.,ผ่านด่านให้ได้ตั้งแต่ครั้งแรกก่อนคนอื่น เพื่อทำภารกิจให้สำเร็จ!,Termine les niveaux du premier coup avant les autres pour accomplir la mission.,أكمل المراحل من المحاولة الأولى قبل الآخرين لإنهاء المهمة.,दूसरों से पहले पहली कोशिश में स्तर पार करें ताकि मिशन पूरा हो सके।,Görevi tamamlamak için diğerlerinden önce seviyeleri ilk denemede geç.
Beat levels to Fill your Piggy Bank!,Text,,Beat levels to Fill your Piggy Bank!,스테이지를 깨서 저금통을 채워보세요!,ステージをクリアして貯金箱を満たそう,"Schließe Level ab, um dein Sparschwein zu füllen!",¡Completa niveles para llenar tu alcancía!,Complete fases para encher seu cofrinho!,Vượt qua màn để làm đầy Heo đất của bạn!,"Проходите уровни, чтобы наполнить копилку!",Selesaikan level untuk mengisi celenganmu!,ผ่านด่านเพื่อเติมกระปุกออมสินของคุณ!,Réussis des niveaux pour remplir ta tirelire !,أكمل المراحل لملء حصالتك!,लेवल जीतकर अपनी गुल्लक भरें!,Kumbara’yı doldurmak için seviyeleri geç!
Beat levels to collect BBQ grill as team to open the chest!,Text,,Beat levels to collect <color=#FFD304>BBQ grill</color> as team to open the chest!,상자를 열기 위해 팀으로서 레벨을 완료하고 <color=#FFD304>BBQ 그릴</color>을 모으세요!,チェストを開けるために、チームでレベルをクリアして<color=#FFD304>BBQグリル</color>を集めよう！,"Schließe Level ab, um gemeinsam <color=#FFD304>BBQ-Grill</color> zu sammeln und die Truhe zu öffnen!",Completa niveles para recolectar <color=#FFD304>parrillas BBQ</color> como equipo y abrir el cofre.,Complete níveis para coletar <color=#FFD304>grelhas de churrasco</color> como equipe e abrir o baú!,Vượt qua các màn để cùng đội thu thập <color=#FFD304>bếp nướng BBQ</color> và mở rương!,"Проходите уровни, чтобы собрать <color=#FFD304>BBQ-гриль</color> командой и открыть сундук!",Selesaikan level untuk mengumpulkan <color=#FFD304>panggangan BBQ</color> sebagai tim untuk membuka peti!,ผ่านด่านเพื่อสะสม <color=#FFD304>เตาปิ้ง BBQ</color> เป็นทีมเพื่อเปิดหีบ!,Battez les niveaux pour collecter en équipe des <color=#FFD304>barbecues</color> et ouvrir le coffre !,أكمل المراحل لجمع <color=#FFD304>شوايات BBQ</color> كفريق لفتح الصندوق!,लेवल पार करें और टीम के रूप में <color=#FFD304>BBQ ग्रिल</color> इकट्ठा करें ताकि चेस्ट खोल सकें!,Kutu açmak için takım olarak seviye geçip <color=#FFD304>BBQ ızgaraları</color> toplayın!
Beat levels without failing 3 times to complete step!,Text,,Beat levels without failing 3 times to complete step!,3번 실패하지 않고 레벨을 클리어해 단계를 완성하세요!,3回失敗せずにレベルをクリアしてステップ達成！,"Schließe die Stufe ab, indem du Level bestehst, ohne 3-mal zu scheitern!",Supera niveles sin fallar 3 veces para completar el paso.,Vença as fases sem falhar 3 vezes para completar a etapa!,Vượt màn mà không thua 3 lần để hoàn tất bước này!,"Пройди уровни, не проиграв 3 раза, чтобы завершить этап!",Lewati level tanpa gagal 3 kali untuk menyelesaikan tahap!,ผ่านด่านโดยไม่ล้มเหลวเกิน 3 ครั้งเพื่อทำขั้นตอนให้เสร็จ!,Termine l’étape en réussissant les niveaux sans échouer 3 fois !,أنهِ المستويات دون أن تفشل 3 مرات لإكمال المرحلة!,3 बार असफल हुए बिना स्तर पूरे करो और चरण पूरा करो!,Adımı tamamlamak için 3 kez başarısız olmadan seviyeleri geç!
Beef Steak,Text,,Beef Steak,비프 스테이크,ビーフステーキ,Rindersteak,Filete de res,Bife de carne,Bít tết bò,Говяжий стейк,Steak sapi,สเต็กเนื้อ,Steak de bœuf,ستيك لحم بقري,बीफ़ स्टेक,Biftek
Bento,Text,,Bento,벤토,弁当,Bento,Bento,Bentô,Cơm hộp Bento,Бенто,Bento,เบนโตะ,Bento,بينتو,बेंटो,Bento
Berry Oatmeal,Text,,Berry Oatmeal,베리 오트밀,ベリーオートミール,Beeren-Haferbrei,Avena con bayas,Aveia com frutas vermelhas,Cháo yến mạch quả mọng,Ягодная овсянка,Oatmeal berry,ข้าวโอ๊ตเบอร์รี่,Flocons d'avoine aux baies,شوفان بالتوت,जामुन ओटमील,Yulaflı Meyve
Best Value,Text,,Best Value,그냥 특가,ベストバリュー,Bester Wert,Mejor valor,Melhor valor,Giá trị nhất,Лучшее предложение,Nilai Terbaik,คุ้มค่าที่สุด,Meilleure offre,أفضل قيمة,सबसे बढ़िया सौदा,En İyi Değer
Best offer,Text,,Best offer,최고 혜택,最良オファー,Bestes Angebot,Mejor oferta,Melhor oferta,Ưu đãi tốt nhất,Лучшее предложение,Penawaran terbaik,ข้อเสนอที่ดีที่สุด,Meilleure offre,أفضل عرض,सबसे अच्छा ऑफ़र,En İyi Teklif
Black Friday,Text,,Black Friday,블프,ブラフラ,Black Friday,Black Friday,Black Friday,Black Friday,ЧП,Black Friday,แบล็กฟรายเดย์,Black Friday,الجمعة السوداء,ब्लैक फ्राइडे,Black Friday
Blender,Text,,Blender,블렌더,ミキサー,Mixer,Licuadora,Liquidificador,Máy xay sinh tố,Блендер,Blender,เครื่องปั่น,Mixeur,خلاط,मिक्सर,Blender
Blow Torch,Text,,Blow Torch,블로우 토치,ブロートーチ,Lötlampe,Soplete,Maçarico,Khò Lửa,Газовая горелка,Lampu las,หัวพ่นไฟ,Chalumeau,موقد لحام,ब्लो टॉर्च,Üfleme Aleti
Blue_Outline_Shadow,Material,,HVD Fonts  MikadoBlack SDF Blue Outline Shadow,KO_JALNANGOTHICTTF SDF Blue Outline Shadow,JP_FUTEHODO-MARUGOTHIC SDF Blue Outline Shadow,HVD Fonts  MikadoBlack SDF Blue Outline Shadow,HVD Fonts  MikadoBlack SDF Blue Outline Shadow,HVD Fonts  MikadoBlack SDF Blue Outline Shadow,HVD Fonts  MikadoBlack SDF Blue Outline Shadow,movavi-grotesque Blue Outline Shadow,HVD Fonts  MikadoBlack SDF Blue Outline Shadow,NOTOSANSTHAI-EXTRABOLD SDF Blue Outline Shadow,HVD Fonts  MikadoBlack SDF Blue Outline Shadow,AligarhArabicFREEPERSONALUSE-Black SDF Blue Outline Shadow,BakbakOne-Regular SDF Blue Outline Shadow,NOTOSANSTHAI-EXTRABOLD SDF Blue Outline Shadow
Blue_outline,Material,,HVD Fonts  MikadoBlack SDF Blue Outline,KO_JALNANGOTHICTTF SDF Blue Outline,JP_FUTEHODO-MARUGOTHIC SDF Blue Outline,HVD Fonts  MikadoBlack SDF Blue Outline,HVD Fonts  MikadoBlack SDF Blue Outline,HVD Fonts  MikadoBlack SDF Blue Outline,HVD Fonts  MikadoBlack SDF Blue Outline,movavi-grotesque Blue Outline Shadow,HVD Fonts  MikadoBlack SDF Blue Outline,NOTOSANSTHAI-EXTRABOLD SDF Blue Outline Shadow,HVD Fonts  MikadoBlack SDF Blue Outline,AligarhArabicFREEPERSONALUSE-Black SDF Blue Outline Shadow,BakbakOne-Regular SDF Blue Outline Shadow,NOTOSANSTHAI-EXTRABOLD SDF Blue Outline Shadow
Bomb,Text,,Bomb,폭탄,爆弾,Bombe,Bomba,Bomba,Bom,Бомба,Bom,ระเบิด,Bombe,قنبلة,बम,Bomba
Bomb Exploded,Text,,Bomb Exploded,폭탄 폭발,爆弾爆発,Bombe explodiert,Bomba explotó,Bomba explodiu,Bom nổ,Бомба взорвалась,Bom meledak,ระเบิดทำงาน,Bombe explosée,انفجرت القنبلة,बम फटा,Bomba Patladı
Bomba!,Text,,Bomba!,폭탄!,ボンバ！,Bombe!,¡Bomba!,Bomba!,Bom!,Бум!,Bom!,บูม!,Boum !,بوم!,बूम!,Bomba!
Booster Feast,Text,,Booster Feast,부스터 축제,ブースターフィースト,Booster-Fest,Fiesta de Potenciadores,Festa dos Boosters,Lễ hội Booster,Праздник усилений,Festival Power-Up,งานเฉลิมฉลองพาวเวอร์อัป,Fête des bonus,مهرجان التعزيزات,पावर-अप उत्सव,Güçlendirici Şöleni
Booster Offer,Text,,Booster Offer,부스터,ブースター,Booster,Potenciador,Booster,Gói Booster,Предложение бустера,Penawaran Booster,ข้อเสนอบูสเตอร์,Offre de booster,عرض المعزز,बूस्टर ऑफ़र,Güçlendirici Teklifi
Booster Unlocked!,Text,,Booster Unlocked!,부스터 잠금 해제!,ブースターをアンロック！,Booster freigeschaltet!,¡Impulsor desbloqueado!,Impulsor desbloqueado!,Đã mở khóa Booster,Бустер разблокирован!,Booster terbuka!,ปลดล็อกบูสเตอร์แล้ว!,Booster déverrouillé !,تم فتح المعزز!,बूस्टर अनलॉक हुआ!,Güçlendirici Açıldı!
Break frozen objects,Text,,Break frozen objects!,얼어붙은 물체를 깨세요!,凍ったオブジェクトを壊そう！,Gefrorene Objekte zerbrechen!,Rompe los objetos congelados,Quebre os objetos congelados,Phá vỡ các vật thể bị đóng băng,Разбейте замороженные объекты!,Hancurkan objek beku!,ทำลายวัตถุที่ถูกแช่แข็ง!,Brisez les objets gelés !,حطّم الأجسام المجمدة!,जमे हुए ऑब्जेक्ट तोड़ें!,Donmuş nesneleri kır!
Broken Tray,Text,,Broken Tray,깨진 트레이,壊れたトレイ,Kaputtes Tablett,Bandeja rota,Bandeja quebrada,Khay bị vỡ,Сломанный поднос,Nampan rusak,ถาดแตก,Plateau cassé,صينية مكسورة,टूटी हुई ट्रे,Kırık Tepsi
Bronze Team Offer,Text,,Bronze Team Offer,브론즈 팀 오퍼,ブロンズチームオファー,Bronze-Team-Angebot,Oferta de equipo de bronce,Oferta da Equipe Bronze,Ưu đãi Đội Đồng,Предложение бронзовой команды,Penawaran Tim Perunggu,ข้อเสนอทีมบรอนซ์,Offre Équipe Bronze,عرض الفريق البرونزي,ब्रॉन्ज़ टीम ऑफ़र,Bronz Takım Teklifi
Brown_Outline_Shadow,Material,,HVD Fonts  MikadoBlack SDF Brown Outline Shadow,KO_JALNANGOTHICTTF SDF Brown Outline Shadow,JP_FUTEHODO-MARUGOTHIC SDF Brown Outline Shadow,HVD Fonts  MikadoBlack SDF Brown Outline Shadow,HVD Fonts  MikadoBlack SDF Brown Outline Shadow,HVD Fonts  MikadoBlack SDF Brown Outline Shadow,HVD Fonts  MikadoBlack SDF Brown Outline Shadow,movavi-grotesque Brown Outline Shadow,HVD Fonts  MikadoBlack SDF Brown Outline Shadow,NOTOSANSTHAI-EXTRABOLD SDF Brown Outline Shadow,HVD Fonts  MikadoBlack SDF Brown Outline Shadow,AligarhArabicFREEPERSONALUSE-Black SDF Brown Outline Shadow,BakbakOne-Regular SDF Brown Outline Shadow,NOTOSANSTHAI-EXTRABOLD SDF Brown Outline Shadow
Buy,Text,,Buy,구매,購入,Kaufen,Comprar,Comprar,Mua,Купить,Beli,ซื้อ,Acheter,شراء,खरीदें,Satın al
Buy All,Text,,Buy All,모두 구매,すべて購入,Alles kaufen,Comprar todo,Comprar tudo,Mua tất cả,Купить всё,Beli semua,ซื้อทั้งหมด,Tout acheter,اشترِ الكل,सभी खरीदें,Hepsini satın al
Buy Kitchen Mission Pack first time to unlock this!,Text,,Buy Kitchen Mission Pack first time to unlock this {[value]}!,첫 구매 시 주방 미션 팩을 구입하여 이 {[value]}을(를) 잠금 해제하세요!,初回にキッチンミッションパックを購入して、この{[value]}をアンロック！,"Kaufe das Küchen-Missionspaket zum ersten Mal, um dieses {[value]} freizuschalten!",Compra el Paquete de Misión de Cocina por primera vez para desbloquear este {[value]}!,Compre o Pacote de Missão da Cozinha pela primeira vez para desbloquear este {[value]}!,Mua Gói Nhiệm Vụ Nhà Bếp lần đầu để mở khóa {[value]}!,"Купи Кухонный Набор Заданий впервые, чтобы разблокировать этот {[value]}!",Beli Paket Misi Dapur untuk pertama kalinya untuk membuka {[value]}!,ซื้อแพ็กภารกิจห้องครัวครั้งแรกเพื่อปลดล็อก {[value]}!,Achetez le Pack Mission Cuisine pour la première fois afin de débloquer ce {[value]} !,اشترِ حزمة مهام المطبخ لأول مرة لفتح هذا {[value]}!,पहली बार किचन मिशन पैक खरीदें और इस {[value]} को अनलॉक करें!,Mutfak Görev Paketi’ni ilk kez satın alarak bu {[value]} kilidini aç!
Camping Trip,Text,,Camping Trip,캠핑 여행,キャンプ旅行,Campingausflug,Viaje de campamento,Viagem de acampamento,Chuyến cắm trại,Поход,Perjalanan Berkemah,ทริปแคมป์ปิ้ง,Sortie camping,رحلة تخييم,कैंपिंग ट्रिप,Kamp Gezisi
Capacity,Text,,Capacity,용량,容量,Kapazität,Capacidad,Capacidade,Sức chứa,Вместимость,Kapasitas,ความจุ,Capacité,سعة,क्षमता,Kapasite
Card Received,Text,,Card Received!,카드를 받았습니다!,カードを受け取りました！,Karte erhalten!,¡Tarjeta recibida!,Carta recebida!,Đã nhận thẻ!,Карта получена!,Kartu diterima!,ได้รับการ์ดแล้ว!,Carte reçue !,تم استلام البطاقة!,कार्ड प्राप्त हुआ!,Kart Alındı!
Card Star,Text,,Card Star,카드 스타,カードスター,Kartenstern,Estrella de carta,Estrela de carta,Ngôi sao thẻ,Звезда карты,Bintang kartu,ดาวการ์ด,Étoile de carte,نجمة البطاقة,कार्ड स्टार,Kart Yıldızı
Card Style,Text,,Card Style,카드 스타일,カードスタイル,Kartenstil,Estilo de tarjeta,Estilo de Cartão,Phong cách Thẻ,Стиль карты,Gaya Kartu,สไตล์การ์ด,Style de carte,نمط البطاقة,कार्ड शैली,Kart Stili
Card sent!,Text,,Card sent!,카드를 보냈습니다!,カードを送りました！,Karte gesendet!,¡Tarjeta enviada!,Carta enviada!,Đã gửi thẻ!,Карта отправлена!,Kartu terkirim!,ส่งการ์ดแล้ว!,Carte envoyée !,تم إرسال البطاقة!,कार्ड भेजा गया!,Kart gönderildi!
Chapter value,Text,,Chapter {[value]},챕터 {[value]},チャプター{[value]},Kapitel {[value]},Capítulo {[value]},Capítulo {[value]},Chương {[value]},Глава {[value]},Bab {[value]},บทที่ {[value]},Chapitre {[value]},الفصل {[value]},अध्याय {[value]},Bölüm {[value]}
Cheese,Text,,Cheese,치즈,チーズ,Käse,Queso,Queijo,Phô mai,Сыр,Keju,ชีส,Fromage,جبن,पनीर,Peynir
Chicken,Text,,Chicken,치킨,チキン,Huhn,Pollo,Frango,Gà,Курица,Ayam,ไก่,Poulet,دجاج,चिकन,Tavuk
Chicken Salad,Text,,Chicken Salad,치킨 샐러드,チキンサラダ,Hähnchensalat,Ensalada de pollo,Salada de frango,Salad gà,Куриный салат,Salad ayam,สลัดไก่,Salade de poulet,سلطة دجاج,चिकन सलाद,Tavuk Salatası
Choose,Text,,Choose,선택,選択,Wählen,Elegir,Escolher,Chọn,Выбрать,Pilih,เลือก,Choisir,اختر,चुनें,Seç
Choose Logo,Text,,Choose Logo,로고 선택,ロゴを選択,Logo auswählen,Seleccionar logotipo,Selecionar logotipo,Chọn logo,Выбрать логотип,Pilih logo,เลือกโลโก้,Choisir le logo,اختر الشعار,लोगो चुनें,Logo Seç
Claim,Text,,Claim,받기,受け取る,Beanspruchen,Reclamar,Reivindicar,Nhận,Получить,Klaim,รับ,Réclamer,استلام,क्लेम करें,Talep et
Claim each offer to unlock free reward!,Text,,Claim each offer to unlock free reward!,각 제안을 수락하여 무료 보상을 잠금 해제하세요!,各オファーを受け取って無料報酬をアンロック！,"Fordere jedes Angebot an, um eine kostenlose Belohnung freizuschalten!",¡Reclama cada oferta para desbloquear una recompensa gratis!,Resgate cada oferta para desbloquear a recompensa grátis!,Nhận từng ưu đãi để mở khóa phần thưởng miễn phí!,"Получайте каждое предложение, чтобы разблокировать бесплатную награду!",Klaim setiap penawaran untuk membuka hadiah gratis!,รับข้อเสนอแต่ละรายการเพื่อปลดล็อกรางวัลฟรี!,Réclame chaque offre pour débloquer une récompense gratuite !,اطلب كل عرض لفتح المكافأة المجانية!,हर ऑफ़र क्लेम करें और फ्री रिवॉर्ड अनलॉक करें!,Ücretsiz ödülü açmak için her teklifi talep et!
Claim in:,Text,,Claim in: {[TIME]},수령까지: {[TIME]},受け取りまで: {[TIME]},Erhalte in: {[TIME]},Reclamar en: {[TIME]},Resgatar em: {[TIME]},Nhận sau: {[TIME]},Получить через: {[TIME]},Klaim dalam: {[TIME]},รับใน: {[TIME]},Réclamer dans : {[TIME]},استلام خلال: {[TIME]},दावा करें इसमें: {[TIME]},Talep et: {[TIME]} sonra
Claimed,Text,,Claimed,수령됨,受け取り済み,Eingelöst,Reclamado,Resgatado,Đã nhận,Получено,Diambil,รับแล้ว,Réclamé,تم الاستلام,प्राप्त,Talep edildi
Claimed!,Text,,Claimed!,획득 완료!,受け取り済み！,Eingelöst!,¡Reclamado!,Resgatado!,Đã nhận!,Получено!,Sudah diklaim!,รับแล้ว!,Réclamé !,تم الاستلام!,क्लेम हो गया!,Talep edildi!
Clam Chowder,Text,,Clam Chowder,클램 차우더,クラムチャウダー,Muschelsuppe,Sopa de almejas,Ensopado de mariscos,Súp nghêu,Суп из моллюсков,Sup kerang,ซุปหอยลาย,Soupe de palourdes,حساء البطلينوس,क्लैम चाउडर,Midye Çorbası
Clear 2 3 of the total items to make OctoChef leave.,Text,,Clear 2/3 of the total items to make OctoChef leave.,전체 아이템의 3분의 2를 제거하여 옥토셰프를 떠나게 하세요.,全アイテムの3分の2を消して、オクトシェフを追い出そう。,"Räume 2/3 aller Items ab, damit OctoChef verschwindet.",Limpia 2/3 del total de objetos para que OctoChef se vaya.,Limpe 2/3 do total de itens para fazer o OctoChef ir embora.,Xóa 2/3 tổng số vật phẩm để khiến OctoChef rời đi.,"Убери 2/3 всех предметов, чтобы ОктоШеф ушёл.",Bersihkan 2/3 dari total item agar OctoChef pergi.,เคลียร์ไอเท็มทั้งหมด 2/3 เพื่อทำให้ OctoChef ออกไป,Élimine 2/3 du total des objets pour faire partir OctoChef.,,कुल वस्तुओं का 2/3 साफ़ करें ताकि ऑक्टोशेफ़ चला जाए।,OctoChef’in gitmesi için toplam eşyaların 2/3’ünü temizle.
Click to watch an Ad and unlock the empty tray!,Text,,Click to watch an Ad and unlock the empty tray!,광고를 시청하고 빈 쟁반을 잠금 해제하세요!,広告を見て空のトレイをアンロック！,"Klicken, um eine Werbung anzusehen und das leere Fach freizuschalten!",Haz clic para ver un anuncio y desbloquear la bandeja vacía!,Clique para assistir a um anúncio e desbloquear a bandeja vazia!,Nhấn để xem quảng cáo và mở khay trống!,"Нажмите, чтобы посмотреть рекламу и разблокировать пустой лоток!",Ketuk untuk menonton iklan dan membuka nampan kosong!,แตะเพื่อดูโฆษณาและปลดล็อกถาดว่าง!,Clique pour regarder une pub et déverrouiller le plateau vide !,اضغط لمشاهدة إعلان وفتح الصينية الفارغة!,विज्ञापन देखने के लिए टैप करें और खाली ट्रे अनलॉक करें!,Reklam izlemek için tıkla ve boş tepsiyi aç!
Closed,Text,,Closed,비공개,非公開,Geschlossen,Cerrado,Fechado,Đóng,Закрытая,Tertutup,ปิด,Fermé,مغلق,बंद,Kapalı
Co-leader,Text,,Co-leader,공동 리더,サブリーダー,Co-Leiter,Colíder,Co-líder,Phó nhóm,Со-лидер,Wakil pemimpin,รองหัวหน้า,Co-leader,زعيم مشارك,सह-नेता,Yardımcı Lider
Coastal Restaurant,Text,,Coastal Restaurant,해안가 레스토랑,海辺のレストラン,Küstenrestaurant,Restaurante costero,Restaurante à beira-mar,Nhà hàng ven biển,Прибрежный ресторан,Restoran Pesisir,ร้านอาหารริมทะเล,Restaurant côtier,مطعم ساحلي,समुद्री तट का रेस्टोरेंट,Sahil Restoranı
Coconut Drink,Text,,Coconut Drink,코코넛 음료,ココナッツドリンク,Kokosgetränk,Bebida de coco,Bebida de coco,Nước dừa,Кокосовый напиток,Minuman kelapa,น้ำมะพร้าว,Boisson de coco,شراب جوز الهند,नारियल पानी,Hindistan Cevizi İçeceği
Coconut Mix,Text,,Coconut Mix,코코넛 믹스,ココナッツミックス,Kokosmix,Mezcla de coco,Mistura de coco,Hỗn hợp dừa,Кокосовая смесь,Campuran kelapa,มิกซ์มะพร้าว,Mélange coco,خليط جوز الهند,नारियल मिश्रण,Hindistan Cevizi Karışımı
Collect,Text,,Collect,수집,収集,Sammeln,Recolectar,Coletar,Thu Thập,Собрать,Kumpulkan,สะสม,Collecter,جمع,एकत्र करें,Topla
Collect Items,Text,,Collect Items,아이템 수집,アイテムを集めよう,Gegenstände sammeln,Recolecta objetos,Colete Itens,Thu thập Vật phẩm,Собери предметы,Kumpulkan Item,เก็บไอเท็ม,Collecte d’objets,اجمع العناصر,आइटम इकट्ठा करें,Eşyaları Topla
Collect Star to open Star Chest and claim reward!,Text,,Collect Star to open <color=#F9D23B>Star Chest</color> and claim reward!,별을 모아 <color=#F9D23B>별 상자</color>를 열고 보상을 받으세요!,星を集めて<color=#F9D23B>スター チェスト</color>を開け、報酬を手に入れよう！,"Sammle Sterne, um die <color=#F9D23B>Sternentruhe</color> zu öffnen und Belohnungen zu erhalten!",¡Recoge estrellas para abrir el <color=#F9D23B>Cofre Estrella</color> y reclamar tu recompensa!,Colete estrelas para abrir o <color=#F9D23B>Baú Estelar</color> e receber a recompensa!,Thu thập sao để mở <color=#F9D23B>Rương Sao</color> và nhận thưởng!,"Соберите звезду, чтобы открыть <color=#F9D23B>Сундук звёзд</color> и забрать награду!",Kumpulkan Bintang untuk membuka <color=#F9D23B>Peti Bintang</color> dan klaim hadiah!,เก็บดาวเพื่อเปิด <color=#F9D23B>หีบดาว</color> และรับรางวัล!,Collecte une étoile pour ouvrir le <color=#F9D23B>Coffre étoilé</color> et récupérer la récompense !,اجمع نجمة لفتح <color=#F9D23B>صندوق النجوم</color> والحصول على المكافأة!,एक सितारा इकट्ठा करें ताकि <color=#F9D23B>स्टार चेस्ट</color> खुल जाए और रिवॉर्ड मिल जाए!,<color=#F9D23B>Yıldız Sandığını açmak ve ödül almak için yıldız topla!
Collect Veggie,Text,,Collect Veggie,채소 모으기,野菜を集めよう,Gemüse sammeln,Recolecta verduras,Colete vegetais,Nhặt Rau,Собери овощи,Kumpulkan Sayur,เก็บผัก,Récupère des légumes,اجمع الخضروات,सब्ज़ियाँ इकट्ठा करें,Sebze Topla
Collect card packs from amazing events and chest!,Text,,Collect card packs from amazing events and chest!,멋진 이벤트와 상자에서 카드 팩을 모으세요!,素晴らしいイベントや宝箱からカードパックを集めよう！,Sammle Kartenpacks aus tollen Events und Truhen!,¡Colecciona sobres de cartas de eventos y cofres increíbles!,Colete pacotes de cartas de eventos e baús incríveis!,Thu thập gói thẻ từ sự kiện và rương!,Собирайте пакеты карт из потрясающих событий и сундуков!,Kumpulkan paket kartu dari event dan peti menakjubkan!,สะสมซองการ์ดจากกิจกรรมและหีบสุดเจ๋ง!,Collectez des paquets de cartes lors d'événements et coffres incroyables !,اجمع حزم البطاقات من الفعاليات والصناديق المذهلة!,अद्भुत इवेंट और चेस्ट से कार्ड पैक इकट्ठा करो!,Harika etkinliklerden ve sandıklardan kart paketleri topla!
Collect golden sausages to open and claim rewards!,Text,,Collect <color=#F9D23B>Golden Sausages</color>  to open and claim rewards!,황금 소시지를 모아 보상을 열고 받으세요!,ゴールデンソーセージを集めて報酬をゲットしよう！,"Sammle goldene Würstchen, um Belohnungen freizuschalten!",¡Recoge salchichas doradas para desbloquear recompensas!,Colete salsichas douradas para desbloquear recompensas!,Thu thập xúc xích vàng để mở và nhận thưởng!,"Собирайте <color=#F9D23B>Золотые сосиски</color>, чтобы открыть и получить награды!",Kumpulkan <color=#F9D23B>Sosis Emas</color> untuk membuka dan klaim hadiah!,เก็บ <color=#F9D23B>ไส้กรอกทองคำ</color> เพื่อเปิดและรับรางวัล!,Collecte des <color=#F9D23B>Saucisses dorées</color> pour l’ouvrir et obtenir des récompenses !,اجمع <color=#F9D23B>النقانق الذهبية</color> لفتحها والحصول على المكافآت!,<color=#F9D23B>गोल्डन सॉसेज</color> इकट्ठा करें ताकि खोल सकें और रिवॉर्ड पा सकें!,"<color=#F9D23B>Altın Sosisleri topla, aç ve ödül kazan!"
Collect item from events,Text,,Collect item from events,이벤트에서 아이템을 수집하세요,イベントからアイテムを集めよう,Sammle Gegenstände aus Events,Recoge objetos de los eventos,Colete itens dos eventos,Thu thập vật phẩm từ sự kiện,Собери предметы из событий,Kumpulkan item dari acara,เก็บไอเท็มจากอีเวนต์,Collecte des objets lors des événements,اجمع العناصر من الفعاليات,आयोजनों से आइटम एकत्र करें,Etkinliklerden eşyaları topla
Collect more Pumpkins than other players,Text,,Collect more Pumpkins than other players,다른 플레이어보다 더 많은 호박을 모으세요,他のプレイヤーより多くのカボチャを集めよう,Sammle mehr Kürbisse als andere Spieler,Recoge más calabazas que otros jugadores,Colete mais abóboras do que outros jogadores,Thu thập nhiều Bí Ngô hơn những người chơi khác,"Собери больше тыкв, чем другие игроки",Kumpulkan lebih banyak labu daripada pemain lain,เก็บฟักทองให้มากกว่าผู้เล่นคนอื่น,Collecte plus de citrouilles que les autres joueurs,اجمع المزيد من اليقطين أكثر من اللاعبين الآخرين,अन्य खिलाड़ियों से अधिक कद्दू इकट्ठा करें,Diğer oyunculardan daha fazla balkabağı topla
Collect pumpkins in minigames and complete with others to win amazing rewards!,Text,,Collect pumpkins in minigames and complete with others to win amazing rewards!,미니게임에서 호박을 모으고 다른 사람들과 경쟁해 멋진 보상을 받으세요!,ミニゲームでカボチャを集めて他の人と競い、素晴らしい報酬を手に入れよう！,"Sammle Kürbisse in Minispielen und tritt gegen andere an, um tolle Belohnungen zu gewinnen!",¡Recoge calabazas en minijuegos y compite con otros para ganar increíbles recompensas!,Colete abóboras em minijogos e complete com outros para ganhar recompensas incríveis!,Thu thập bí ngô trong mini game và thi đấu với người khác để nhận phần thưởng tuyệt vời!,"Собирай тыквы в мини-играх и соревнуйся с другими, чтобы выиграть потрясающие награды!",Kumpulkan labu dalam minigame dan bersaing dengan orang lain untuk memenangkan hadiah luar biasa!,เก็บฟักทองในมินิเกมและแข่งขันกับผู้อื่นเพื่อชิงรางวัลสุดว้าว!,Collecte des citrouilles dans des mini-jeux et affronte d’autres pour gagner des récompenses incroyables !,اجمع القرع في الألعاب الصغيرة وتنافس مع الآخرين للفوز بمكافآت مذهلة!,मिनीगेम्स में कद्दू इकट्ठा करें और दूसरों से प्रतिस्पर्धा करके शानदार पुरस्कार जीतें!,Mini oyunlarda balkabaklarını topla ve diğerleriyle yarışarak harika ödüller kazan!
Collect special items,Text,,Collect special items,특별한 아이템을 모으세요,特別なアイテムを集めよう！,Sammle spezielle Items,¡Recoge objetos especiales!,Colete itens especiais,Thu thập vật phẩm đặc biệt,Собирайте особые предметы,Kumpulkan item spesial,เก็บไอเท็มพิเศษ,Collecte des objets spéciaux,اجمع العناصر الخاصة,खास आइटम इकट्ठा करें,Özel eşyaları topla
Collect stars to open it and claim rewards,Text,,Collect stars to open it and claim rewards,별을 모아 보상을 열어보세요,星を集めて報酬を受け取りましょう,"Sammle Sterne, um Belohnungen freizuschalten",Recolecta estrellas para reclamar recompensas,Colete estrelas para desbloquear recompensas,Thu thập sao để mở và nhận thưởng,"Собирайте звезды, чтобы открыть его и получить награды",Kumpulkan bintang untuk membukanya dan klaim hadiah,เก็บดาวเพื่อเปิดและรับรางวัล,Collecte des étoiles pour l’ouvrir et récupérer des récompenses,اجمع النجوم لفتحه والحصول على المكافآت,सितारे इकट्ठा करें ताकि इसे खोलकर रिवॉर्ड ले सकें,Açmak ve ödül almak için yıldız topla
Collection,Text,,Collection,컬렉션,コレクション,Sammlung,Colección,Coleção,Bộ sưu tập,Коллекция,Koleksi,คอลเลกชัน,Collection,مجموعة,संग्रह,Koleksiyon
Collections Completed,Text,,Collections Completed,컬렉션 완료,コレクション達成,Sammlungen abgeschlossen,Colecciones completadas,Coleções Completas,Bộ Sưu Tập Hoàn Thành,Коллекции завершены,Koleksi Selesai,รวบรวมครบแล้ว,Collections terminées,المجموعات المكتملة,संग्रह पूर्ण,Koleksiyonlar Tamamlandı
Combo,Text,,Combo {[VALUE]},콤보 {[VALUE]},コンボ {[VALUE]},Kombokette {[VALUE]},Combo {[VALUE]},Combo {[VALUE]},Combo {[VALUE]},Комбо {[VALUE]},Kombo {[VALUE]},คอมโบ {[VALUE]},Combo {[VALUE]},كومبو {[VALUE]},कॉम्बो {[VALUE]},Kombo {[VALUE]}
Combo Master,Text,,Combo Master,콤보 마스터,コンボマスター,Kombomeister,Maestro del Combo,Mestre do Combo,Bậc thầy Combo,Мастер комбо,Ahli Kombo,ปรมาจารย์คอมโบ,Maître du combo,سيد الكومبو,कॉम्बो मास्टर,Kombo Ustası
Come back the next day to get it!,Text,,Come back the next day to get it!,다음 날 다시 와서 받으세요!,翌日戻ってきて受け取ってください！,"Komm am nächsten Tag zurück, um es zu holen!",¡Vuelve al día siguiente para conseguirlo!,Volte no dia seguinte para pegá-lo!,Quay lại vào ngày mai để nhận!,"Возвращайся на следующий день, чтобы забрать это!",Kembali besok untuk mendapatkannya!,กลับมาในวันถัดไปเพื่อรับมัน!,Reviens le lendemain pour l’obtenir !,عُد في اليوم التالي لتحصل عليه!,इसे पाने के लिए अगले दिन वापस आएँ!,Ertesi gün geri dön ve al!
Comeback after,Text,,Comeback after {[VALUE]},{[VALUE]} 후에 돌아오기,{[VALUE]} 後に戻ってくる,Zurückkommen nach {[VALUE]},Regresa después de {[VALUE]},Volte depois de {[VALUE]},Quay lại sau {[VALUE]},Вернись через {[VALUE]},Kembali setelah {[VALUE]},กลับมาอีกครั้งหลังจาก {[VALUE]},Reviens après {[VALUE]},عد بعد {[VALUE]},{[VALUE]} बाद वापस आओ,{[VALUE]} sonra geri dön
Coming soon,Text,,Coming soon,곧 출시 예정,近日公開,Kommt bald,Próximamente,Em breve,Sắp ra mắt,Скоро,Segera hadir,เร็ว ๆ นี้,Bientôt,قريبًا,जल्द आ रहा है,Yakında
Complete Grill Collection!,Text,,Complete Grill Collection!,그릴 컬렉션 완료!,グリルコレクションを完成させよう！,Grillkollektion abschließen!,¡Completa la colección de parrilla!,Complete a coleção de grelha!,Hoàn thành bộ sưu tập nướng!,Заверши коллекцию гриля!,Selesaikan koleksi panggangan!,ทำคอลเลกชันเตาย่างให้เสร็จ!,Complète la collection de grillades !,أكمل مجموعة الشواء!,ग्रिल संग्रह पूरा करो!,Izgara Koleksiyonunu Tamamla!
Complete levels on the first try and receive a bonus in the next level!,Text,,Complete levels on the first try and receive a bonus in the next level!,첫 시도에서 레벨을 완료하고 다음 레벨에서 보너스를 받으세요!,最初の挑戦でレベルをクリアすると、次のレベルでボーナスがもらえます！,Schließe Level beim ersten Versuch ab und erhalte einen Bonus im nächsten Level!,¡Completa los niveles en el primer intento y recibe un bono en el siguiente nivel!,Complete os níveis na primeira tentativa e receba um bônus no próximo nível!,Hoàn thành màn ngay lần thử đầu và nhận thưởng ở màn tiếp theo!,Проходите уровни с первой попытки и получайте бонус на следующем уровне!,Selesaikan level di percobaan pertama dan dapatkan bonus di level berikutnya!,ผ่านด่านตั้งแต่ครั้งแรกและรับโบนัสในด่านถัดไป!,Termine les niveaux du premier coup et reçois un bonus au niveau suivant !,أكمل المراحل من المحاولة الأولى لتحصل على مكافأة في المرحلة التالية!,पहली कोशिश में लेवल पूरा करें और अगले लेवल में बोनस पाएं!,Seviyeleri ilk denemede tamamla ve sonraki seviyede bonus kazan!
Complete this mission to move on to the next mission and win amazing rewards!,Text,,Complete this mission to move on to the next mission and win amazing rewards!,이 미션을 완료하여 다음 미션으로 이동하고 멋진 보상을 받으세요!,このミッションをクリアして次のミッションに進み、素晴らしい報酬を手に入れましょう！,"Schließe diese Mission ab, um zur nächsten überzugehen und tolle Belohnungen zu gewinnen!",Completa esta misión para pasar a la siguiente y gana recompensas increíbles.,Complete esta missão para avançar para a próxima e ganhe recompensas incríveis!,Hoàn thành nhiệm vụ này để chuyển sang nhiệm vụ tiếp theo và nhận phần thưởng tuyệt vời!,"Выполни это задание, чтобы перейти к следующему и получить потрясающие награды!",Selesaikan misi ini untuk melanjutkan ke misi berikutnya dan menangkan hadiah luar biasa!,ทำภารกิจนี้ให้สำเร็จเพื่อไปยังภารกิจถัดไปและรับรางวัลสุดพิเศษ!,Termine cette mission pour passer à la suivante et gagner des récompenses incroyables !,أكمِل هذه المهمة للانتقال إلى المهمة التالية واربح مكافآت مذهلة!,इस मिशन को पूरा करें ताकि आप अगले मिशन पर जा सकें और शानदार इनाम जीत सकें!,Sonraki göreve geçmek ve harika ödüller kazanmak için bu görevi tamamla!
Complete your task to earn rewards,Text,,Complete your task to earn rewards,임무를 완료하고 보상을 받으세요,タスクを完了して報酬を手に入れよう,"Erledige deine Aufgabe, um Belohnungen zu erhalten",Completa tu tarea para ganar recompensas,Conclua sua tarefa para ganhar recompensas,Hoàn thành nhiệm vụ để nhận thưởng,"Выполни задание, чтобы получить награды",Selesaikan tugasmu untuk mendapatkan hadiah,ทำภารกิจให้สำเร็จเพื่อรับรางวัล,Termine ta tâche pour gagner des récompenses,أكمِل مهمتك لتحصل على المكافآت,अपना कार्य पूरा करें और इनाम पाएं,Görevini tamamla ve ödül kazan
Complete!,Text,,Complete!,완료!,コンプリート！,Abgeschlossen!,¡Completado!,Concluído!,Hoàn thành!,Завершено!,Selesai!,สำเร็จ!,Terminé !,اكتمل!,पूरा हुआ!,Tamamla!
Completed!!!,Text,,Completed!,완료!,完了!,Abgeschlossen!,¡Completado!,Concluído!,Hoàn thành!,Завершено!,Selesai!,เสร็จสิ้น!,Terminé !,اكتمل!,पूरा हुआ!,Tamamlandı!
Confirm,Text,,Confirm,확인,確認,Bestätigen,Confirmar,Confirmar,Xác nhận,Подтвердить,Konfirmasi,ยืนยัน,Confirmer,تأكيد,पुष्टि करें,Onayla
Contest,Text,,Contest,대회,コンテスト,Wettbewerb,Concurso,Concurso,Cuộc thi,Соревнование,Kontes,การประกวด,Concours,مسابقة,प्रतियोगिता,Yarışma
Continue,Text,,Continue,계속하다,続ける,Weiter,Continuar,Continuar,Tiếp tục,Продолжить,Lanjut?,ดำเนินการต่อ,Continuer,متابعة,जारी रखें,Devam et
Continue level for FREE!,Text,,Continue level for FREE!,무료로 레벨을 계속하세요!,無料でレベルを続行！,Level kostenlos fortsetzen!,¡Continúa el nivel GRATIS!,Continue o nível de graça!,Tiếp tục màn chơi MIỄN PHÍ!,Продолжи уровень БЕСПЛАТНО!,Lanjutkan level secara GRATIS!,เล่นด่านต่อฟรี!,Continuez le niveau GRATUITEMENT !,تابع المستوى مجانًا!,लेवल मुफ्त में जारी रखें!,Seviyeye ÜCRETSİZ devam et!
Continue with 2 more plates!,Text,,Continue with <color=#B73333>2 more plates</color>!,<color=#B73333>접시 2개</color>로 계속하세요!,<color=#B73333>皿を2枚</color>追加して続行！,Mit <color=#B73333>2 weiteren Tellern</color> fortsetzen!,¡Continúa con <color=#B73333>2 platos más</color>!,Continue com <color=#B73333>mais 2 pratos</color>!,Tiếp tục với <color=#B73333>2 đĩa nữa</color>!,Продолжи с <color=#B73333>ещё 2 тарелками</color>!,Lanjutkan dengan <color=#B73333>2 piring lagi</color>!,เล่นต่อด้วย<color=#B73333>จานเพิ่มอีก 2 ใบ</color>!,Continuez avec <color=#B73333>2 assiettes de plus</color> !,تابع مع <color=#B73333>طبقين إضافيين</color>!,<color=#B73333>2 प्लेट्स</color> और लेकर जारी रखें!,Continue with <color=#B73333>2 more plates</color>!
Continue with 2 more trays!,Text,,Continue with <color=#B73333>2 more trays</color>!,<color=#B73333>쟁반 2개</color>로 계속하세요!,<color=#B73333>トレイを2枚</color>追加して続行！,Mit <color=#B73333>2 weiteren Tabletts</color> fortsetzen!,¡Continúa con <color=#B73333>2 bandejas más</color>!,Continue com <color=#B73333>mais 2 bandejas</color>!,Tiếp tục với <color=#B73333>2 khay nữa</color>!,Продолжи с <color=#B73333>ещё 2 подносами</color>!,Lanjutkan dengan <color=#B73333>2 baki lagi</color>!,เล่นต่อด้วย<color=#B73333>ถาดเพิ่มอีก 2 ใบ</color>!,Continuez avec <color=#B73333>2 plateaux de plus</color> !,تابع مع <color=#B73333>صينيتين إضافيتين</color>!,<color=#B73333>2 ट्रे</color> और लेकर जारी रखें!,Continue with <color=#B73333>2 more trays</color>!
Continue?,Text,,Continue?,계속하시겠습니까?,続けますか？,Fortsetzen?,¿Continuar?,Continuar?,Tiếp tục?,Продолжить?,Lanjutkan?,เล่นต่อ?,Continuer ?,متابعة؟,जारी रखें?,Devam edilsin mi?
Conveyor,Text,,Conveyor,컨베이어,コンベヤー,Förderband,Cinta transportadora,Esteira transportadora,Băng chuyền,Конвейер,Konveyor,สายพานลำเลียง,Convoyeur,ناقل,कन्वेयर,Taşıyıcı
Corn Dog,Text,,Corn Dog,콘도그,アメリカンドッグ,Corn Dog,Perrito de maíz,Cachorro-quente no palito,Xúc xích bọc bột chiên,Корндог,Corn dog,คอร์นด็อก,Corn dog,كورن دوج,कॉर्न डॉग,Mısır Köpeği
Cosmo,Text,,Cosmo,코스모,コスモ,Cosmo,Cosmo,Cosmo,Cosmo,Космо,Kosmo,คอสโม,Cosmo,كوزمو,कॉस्मो,Kozmo
Cracker,Text,,Cracker,크래커,クラッカー,Cracker,Galleta salada,Biscoito salgado,Bánh quy mặn,Крекер,Kerupuk,แครกเกอร์,Biscuit salé,مقرمش,क्रैकर,Kraker
Create,Text,,Create,생성,作成,Erstellen,Crear,Criar,Tạo,Создать,Buat,สร้าง,Créer,إنشاء,बनाना,Oluştur
Create combo,Text,,Create combo,콤보를 만들어보세요,コンボを作ろう,Erstelle ein Kombo,Crea un combo,Crie um combo,Tạo combo,Создай комбо,Buat kombo,สร้างคอมโบ,Crée un combo,कॉम्बो बनाएं,أنشئ كومبو,Kombo oluştur
Create failed!,Text,,Create failed!,생성 실패!,作成失敗！,Erstellung fehlgeschlagen!,¡Creación fallida!,Falha na criação!,Tạo thất bại!,Создание не удалось!,Gagal membuat!,สร้างล้มเหลว!,Échec de création !,فشل الإنشاء!,निर्माण विफल!,Oluşturma başarısız!
Create successfully!,Text,,Create successfully!,생성 성공!,作成成功！,Erfolgreich erstellt!,¡Creado con éxito!,Criado com sucesso!,Tạo thành công!,Создание успешно!,Berhasil dibuat!,สร้างสำเร็จ!,Création réussie !,تم الإنشاء بنجاح!,सफलतापूर्वक बनाया गया!,Başarıyla oluşturuldu!
Crème brûlée,Text,,Crème brûlée,크렘 브륄레,クレームブリュレ,Crème brûlée,Crème brûlée,Crème brûlée,Bánh kem cháy,Крем-брюле,Krim brulee,ครีมบรูเล่,Crème brûlée,كريم بروليه,क्रेम ब्रूले,Krem Brüle
Cutlery,Text,,Cutlery,식기류,カトラリー,Besteck,Cubiertos,Talheres,Bộ dao nĩa,Столовые приборы,Peralatan makan,ชุดช้อนส้อม,Couverts,أدوات المائدة,कटलरी,Çatal bıçak takımı
DAILY GIFT,Text,,Daily Gift,데일리 선물,デイリーギフト,Tägliches Geschenk,Regalo diario,Presente diário,Quà Hằng Ngày,ЕЖЕДНЕВНЫЙ ПОДАРОК,Hadiah Harian,ของขวัญรายวัน,Cadeau Quotidien,هدية يومية,दैनिक उपहार,Günlük Hediye
Daily Limit:,Text,,Daily Limit:,일일 제한:,1日の制限:,Tageslimit:,Límite diario:,Limite diário:,Giới hạn hằng ngày:,Дневной лимит:,Batas harian:,ขีดจำกัดรายวัน:,Limite quotidien :,الحد اليومي:,दैनिक सीमा:,Günlük Limit:
Daily Mission,Text,,Daily Mission,일일 미션,デイリーミッション,Tägliche Mission,Misión diaria,Missão Diária,Nhiệm vụ Hàng ngày,Ежедневное задание,Misi Harian,ภารกิจประจำวัน,Mission quotidienne,المهمة اليومية,दैनिक मिशन,Günlük Görev
Daily Reward,Text,,Daily Reward,보상,ボーナス,Belohnung,Recompensa,Recompensa,Phần thưởng hàng ngày,Ежедневная награда,Hadiah Harian,รางวัลรายวัน,Récompense quotidienne,المكافأة اليومية,दैनिक इनाम,Günlük Ödül
Dango,Text,,Dango,당고,団子,Dango,Dango,Dango,Bánh dango,Данго,Dango,ดังโงะ,Dango,دانغو,डांगो,Dango
Day,Text,,Day {[VALUE]},{[VALUE]}일,{[VALUE]}日,Tag {[VALUE]},Día {[VALUE]},Dia {[VALUE]},Ngày {[VALUE]},День {[VALUE]},Hari {[VALUE]},วันที่ {[VALUE]},Jour {[VALUE]},اليوم {[VALUE]},दिन {[VALUE]},Gün {[VALUE]}
Day {VALUE},Text,,Day {VALUE},{VALUE}일,{VALUE}日,Tag {VALUE},Día {VALUE},Dia {VALUE},Ngày {VALUE},День {VALUE},Hari {VALUE},วันที่ {VALUE},Jour {VALUE},اليوم {VALUE},दिन {VALUE},Gün {VALUE}
Demote,Text,,Demote,강등,降格,Degradieren,Degradar,Rebaixar,Giáng chức,Понизить,Menurunkan,ลดขั้น,Rétrograder,تخفيض,पदावनत,Düşür
Description,Text,,Description,설명,説明,Beschreibung,Descripción,Descrição,Mô tả,Описание,Deskripsi,คำอธิบาย,Description,وصف,विवरण,Açıklama
Description is required!,Text,,Description is required!,설명은 필수입니다!,説明が必要です！,Beschreibung ist erforderlich!,¡Se requiere descripción!,Descrição é obrigatória!,Mô tả là bắt buộc!,Описание обязательно!,Deskripsi diperlukan!,ต้องใส่คำอธิบาย!,Description requise !,الوصف مطلوب!,विवरण आवश्यक है!,Açıklama gerekli!
Desserts,Text,,Desserts,디저트,デザート,Desserts,Postres,Sobremesas,Món tráng miệng,Десерты,Makanan penutup,ของหวาน,Desserts,حلويات,मिठाई,Tatlılar
Discount,Text,,Discount {[VALUE]}%,할인 {[VALUE]}%,割引 {[VALUE]}%,Rabatt {[VALUE]}%,Descuento {[VALUE]}%,Desconto {[VALUE]}%,Giảm giá {[VALUE]}%,Скидка {[VALUE]}%,Diskon {[VALUE]}%,ส่วนลด {[VALUE]}%,Réduction {[VALUE]}%,خصم {[VALUE]}%,छूट {[VALUE]}%,İndirim {[VALUE]}%
Do you want to continue?,Text,,Do you want to continue?,계속하시겠어요?,続けますか？,Möchtest du fortfahren?,¿Quieres continuar?,Deseja continuar?,Bạn muốn tiếp tục?,Хотите продолжить?,Ingin lanjut?,ต้องการเล่นต่อไหม?,Voulez-vous continuer ?,هل تريد المتابعة؟,क्या आप जारी रखना चाहेंगे?,Devam etmek istiyor musun?
Do you want to skip?,Text,,Do you want to skip?,건너뛰시겠습니까?,スキップしますか？,Möchten Sie überspringen?,¿Quieres omitir?,Você quer pular?,Bạn có muốn bỏ qua không?,Хотите пропустить?,Ingin lewati?,ต้องการข้ามไหม?,Tu veux passer ?,هل تريد التخطي؟,क्या आप स्किप करना चाहते हैं?,Atlamak istiyor musun?
Do you want to speed up the conveyor belt?,Text,,Do you want to speed up the conveyor belt?,컨베이어 벨트를 더 빠르게 하고 싶나요?,コンベアを速くしますか？,Möchtest du das Förderband beschleunigen?,¿Quieres acelerar la cinta transportadora?,Quer acelerar a esteira?,Bạn có muốn tăng tốc băng chuyền không?,Хочешь ускорить конвейер?,Ingin mempercepat ban berjalan?,ต้องการเร่งสายพานลำเลียงไหม?,Veux-tu accélérer le tapis roulant ?,هل تريد تسريع حزام النقل؟,क्या आप कन्वेयर बेल्ट को तेज़ करना चाहते हैं?,Konveyörü hızlandırmak ister misin?
Don't let the bomb EXPLODE!,Text,,Don't let the bomb EXPLODE!,폭탄이 폭발하지 않도록 하세요!,爆弾を爆発させるな！,Lass die Bombe nicht explodieren!,¡No dejes que la bomba EXPLOTE!,Não deixe a bomba EXPLODIR!,Đừng để bom NỔ!,Не дайте бомбе ВЗОРВАТЬСЯ!,Jangan biarkan bom MELEDAK!,อย่าให้ระเบิดทำงาน!,Ne laisse pas la bombe EXPLOSER !,لا تدع القنبلة تنفجر!,बम को फटने मत दो!,Bombanın PATLAMASINA izin verme!
Double Star,Text,,Double Star,더블 스타,ダブルスター,Doppelstern,Estrella doble,Estrela dupla,Nhân đôi sao,Двойная звезда,Bintang Ganda,ดาวคู่,Étoile double,نجمة مضاعفة,डबल स्टार,Çift Yıldız
Double stars next round!,Text,,Double stars next round!,다음 라운드에서 별 2배!,次のラウンドで星が2倍！,Doppelte Sterne in der nächsten Runde!,¡Dobla las estrellas en la siguiente ronda!,Estrelas dobradas na próxima rodada!,Nhân đôi sao ở lượt tiếp theo!,В следующем раунде — двойные звезды!,Bintang ganda di ronde berikutnya!,รอบถัดไปดาวคูณสอง!,Étoiles doublées au prochain tour !,نجوم مضاعفة في الجولة التالية!,अगले राउंड में डबल स्टार!,Sonraki turda yıldızları ikiye katla!
"Double the sausage, double the fun!",Text,,"Double the sausage, double the fun!",소시지가 두 배면 재미도 두 배!,ソーセージが2倍なら楽しさも2倍！,"Doppelte Wurst, doppelter Spaß!","¡Doble salchicha, doble diversión!","Duas salsichas, diversão em dobro!","Xúc xích gấp đôi, niềm vui gấp đôi!",Двойная сосиска — двойное веселье!,"Sosis dua kali, seru dua kali!",ไส้กรอกสองเท่า สนุกสองเท่า!,"Deux fois plus de saucisse, deux fois plus de fun !",ضعف النقانق، ضعف المتعة!,"दुगनी सॉसेज, दुगना मज़ा!","Sosis iki kat, eğlence iki kat!"
Drop Line,Text,,Drop Line,줄 내리기,ドロップライン,Linie fallen lassen,Línea de caída,Linha de queda,Xếp hàng ngang,Сбросить линию,Jatuhkan Garis,ดรอปแถว,Ligne de chute,إسقاط خط,ड्रॉप लाइन,Satır Bırak
Each energy gives you one move! You can earn energy by playing main levels!,Text,,Each energy gives you one move! You can earn energy by playing main levels!,에너지는 각각 한 번의 이동을 제공합니다! 메인 레벨을 플레이하여 에너지를 얻을 수 있습니다!,エネルギー1つにつき1回動けます！メインレベルをプレイしてエネルギーを獲得しましょう！,"Jede Energie gibt dir einen Zug! Du kannst Energie verdienen, indem du Hauptlevel spielst!",¡Cada energía te da un movimiento! ¡Puedes ganar energía jugando los niveles principales!,Cada energia lhe dá uma jogada! Você pode ganhar energia jogando os níveis principais!,Mỗi năng lượng cho bạn một lượt đi! Bạn có thể kiếm năng lượng bằng cách chơi các màn chính!,"Каждая единица энергии даёт один ход! Ты можешь заработать энергию, играя в основные уровни!",Setiap energi memberimu satu langkah! Kamu bisa mendapatkan energi dengan memainkan level utama!,พลังงานแต่ละหน่วยจะให้คุณเคลื่อนไหวได้หนึ่งครั้ง! คุณสามารถรับพลังงานได้โดยการเล่นด่านหลัก!,Chaque énergie vous donne un coup ! Vous pouvez gagner de l’énergie en jouant les niveaux principaux !,كل طاقة تمنحك حركة واحدة! يمكنك كسب الطاقة من خلال لعب المستويات الرئيسية!,प्रत्येक ऊर्जा आपको एक चाल देती है! आप मुख्य लेवल खेलकर ऊर्जा कमा सकते हैं!,Her enerji sana bir hamle kazandırır! Ana seviyeleri oynayarak enerji kazanabilirsin!
Earn awesome rewards,Text,,Earn awesome rewards,멋진 보상을 받으세요,素晴らしい報酬を獲得！,Verdiene tolle Belohnungen,¡Gana recompensas increíbles!,Ganhe recompensas incríveis,Nhận phần thưởng hấp dẫn,Получай классные награды,Dapatkan hadiah keren,รับรางวัลสุดเจ๋ง,Gagne des récompenses géniales,احصل على مكافآت رائعة,शानदार इनाम पाओ,Harika ödüller kazan
Earn x2 more mission items with every victory,Text,,Earn x2 more mission items with every victory,승리할 때마다 미션 아이템을 2배로 획득하세요,勝利するたびにミッションアイテムを2倍獲得！,Erhalte doppelte Missionsgegenstände bei jedem Sieg,Gana el doble de objetos de misión con cada victoria,Ganhe o dobro de itens de missão a cada vitória,Nhận gấp đôi vật phẩm nhiệm vụ sau mỗi chiến thắng,Получай в 2 раза больше предметов миссии за каждую победу,Dapatkan 2x item misi lebih banyak setiap kali menang,รับไอเท็มภารกิจเพิ่ม 2 เท่าทุกครั้งที่ชนะ,Gagne 2x plus d’objets de mission à chaque victoire,احصل على ضعف عناصر المهمة مع كل فوز,हर जीत पर मिशन आइटम्स 2 गुना कमाएं,Her galibiyetle 2 kat daha fazla görev eşyası kazan
Edit,Text,,Edit,편집,編集,Bearbeiten,Editar,Editar,Chỉnh sửa,Редактировать,Edit,แก้ไข,Éditer,تعديل,संपादित,Düzenle
Edit Profile,Text,,Edit Profile,프로필 편집,プロフィール編集,Profil bearbeiten,Editar perfil,Editar perfil,Sửa hồ sơ,Изменить профиль,Edit Profil,แก้ไขโปรไฟล์,Modifier le profil,تعديل الملف الشخصي,प्रोफ़ाइल संपादित करें,Profili Düzenle
Eliminate Octochef immediately!,Text,,Eliminate Octochef immediately!,즉시 옥토셰프를 제거하세요!,今すぐオクトシェフを倒せ！,Eliminiere den Oktopus-Chef sofort!,¡Elimina al Octochef de inmediato!,Elimine o Octochef imediatamente!,Loại bỏ Octochef ngay lập tức!,Устрани Октоповара немедленно!,Segera kalahkan Octochef!,กำจัด Octochef ทันที!,Élimine l’Octochef immédiatement !,اقضِ على أوكتوشيف فورًا!,ऑक्टोशेफ को तुरंत समाप्त करें!,Octochef’i hemen ortadan kaldır!
Empty Tray,Text,,Empty Tray,빈 쟁반,空のトレイ,Leeres Fach,Bandeja vacía,Bandeja vazia,Khay trống,Пустой лоток,Nampan Kosong,ถาดว่าง,Plateau vide,صينية فارغة,खाली ट्रे,Boş Tepsi
End in:,Text,,End in:,종료까지:,終了まで:,Endet in:,Termina en:,Termina em:,Kết thúc sau:,Закончится через:,Berakhir dalam:,สิ้นสุดใน:,Se termine dans :,ينتهي خلال:,खत्म होगा:,Bitiş:
Endless Treasure,Text,,Endless Treasure,끝없는 보물,無限の宝物,Endloser Schatz,Tesoro infinito,Tesouro infinito,Kho báu bất tận,Бесконечные сокровища,Harta Tanpa Akhir,ขุมทรัพย์ไม่รู้จบ,Trésor sans fin,كنز لا ينتهي,अनंत ख़जाना,Sonsuz Hazine
Enter team description,Text,,Enter team description,팀 설명 입력,チーム説明を入力,Team-Beschreibung eingeben,Ingresar descripción del equipo,Digite a descrição do time,Nhập mô tả đội,Введите описание команды,Masukkan deskripsi tim,ใส่คำอธิบายทีม,Entrer la description de l'équipe,أدخل وصف الفريق,टीम विवरण दर्ज करें,Takım açıklaması gir
Enter team name,Text,,Enter team name,팀 이름 입력,チーム名を入力,Teamnamen eingeben,Ingresar nombre de equipo,Digite o nome do time,Nhập tên đội,Введите название команды,Masukkan nama tim,ใส่ชื่อทีม,Entrer le nom de l'équipe,أدخل اسم الفريق,टीम का नाम दर्ज करें,Takım adını gir
Excellent!,Text,,Excellent!,훌륭해!,エクセレント！,Exzellent!,¡Excelente!,Excelente!,Xuất sắc!,Отлично!,Hebat!,เยี่ยมมาก!,Excellent !,ممتاز!,उत्कृष्ट!,Mükemmel!
Explorer s Gift,Text,,Explorer’s Gift,탐험가의 선물,探検家のギフト,Entdecker-Geschenk,Regalo del explorador,Presente do explorador,Quà của nhà thám hiểm,Подарок исследователя,Hadiah penjelajah,ของขวัญนักสำรวจ,Cadeau de l’explorateur,هدية المستكشف,खोजकर्ता का उपहार,Kaşifin Hediyesi
FREE lives,Text,,FREE lives,무료 생명,無料ライフ,Kostenlose Leben,Vidas gratis,Vidas grátis,Mạng miễn phí,Бесплатные жизни,Nyawa gratis,ชีวิตฟรี,Vies gratuites,أرواح مجانية,मुफ्त जीवन,Ücretsiz Canlar
FREE rewards,Text,,FREE rewards,무료 보상,無料報酬,Kostenlose Belohnungen,Recompensas gratis,Recompensas grátis,Phần thưởng miễn phí,Бесплатные награды,Hadiah gratis,รางวัลฟรี,Récompenses gratuites,مكافآت مجانية,मुफ्त इनाम,Ücretsiz Ödüller
Fading Dream,Text,,Fading Dream,사라지는 꿈,消えゆく夢,Verblassender Traum,Sueño que se desvanece,Sonho que se apaga,Giấc Mơ Phai Dần,Угасающая мечта,Mimpi Memudar,ความฝันที่เลือนหาย,Rêve évanescent,الحلم المتلاشي,मुरझाता सपना,Solan Rüya
"Fail to sort items within 2 moves, the ice will grow thicker.",Text,,"Fail to sort items within 2 moves, the ice will grow thicker.","2번 안에 아이템을 정리하지 않으면, 얼음이 두꺼워집니다.",2回以内にアイテムを整理できないと氷が厚くなります。,"Sortiere die Gegenstände nicht innerhalb von 2 Zügen, wird das Eis dicker.","Si no ordenas los objetos en 2 movimientos, el hielo se hará más grueso.","Se falhar em organizar os itens em 2 movimentos, o gelo ficará mais espesso.","Không sắp xếp xong trong 2 lượt, băng sẽ dày hơn.","Если не рассортируете предметы за 2 хода, лёд станет толще.","Gagal menyortir item dalam 2 langkah, es akan semakin tebal.",หากจัดไอเท็มไม่สำเร็จภายใน 2 ครั้ง น้ำแข็งจะหนาขึ้น,"Si tu n’ordonnes pas les objets en 2 coups, la glace va s’épaissir.",إذا لم ترتّب العناصر خلال حركتين، سيزداد سمك الجليد.,"यदि 2 चालों में आइटम सॉर्ट नहीं किए, तो बर्फ और मोटी हो जाएगी।","2 hamlede eşyaları sıralayamazsan, buz kalınlaşacak."
Fanpage,Text,,Fanpage,팬페이지,ファンページ,Fanseite,Página de fans,Página de fãs,Trang người hâm mộ,Фан-страница,Halaman penggemar,แฟนเพจ,Page de fans,صفحة المعجبين,फैनपेज,Hayran Sayfası
Feast Cruise,Text,,Feast Cruise,만찬 크루즈,フィーストクルーズ,Festmahlkreuzfahrt,Crucero del Banquete,Cruzeiro do Banquete,Đại tiệc du thuyền,Круиз с пиршеством,Pelayaran Pesta,ล่องเรือฉลองอาหาร,Croisière Festive,رحلة الوليمة البحرية,दावत क्रूज़,Ziyafet Turu
Fill the bar,Text,,Fill the bar,바를 채우세요,バーを満たそう,Fülle die Leiste,Llena la barra,Encha a barra,Làm đầy thanh,Заполни полосу,Isi bilah,เติมแถบให้เต็ม,Remplis la barre,املأ الشريط,बार भरें,Çubuğu doldur
Fill your Piggy Bank and save more coins by beating levels!,Text,,Fill your Piggy Bank and save more coins by beating levels!,저금통을 채우고 레벨을 클리어해 더 많은 코인을 모으세요!,レベルをクリアして貯金箱をいっぱいにし、もっとコインを貯めよう！,"Fülle dein Sparschwein und sammle mehr Münzen, indem du Level abschließt!",Llena tu alcancía y ahorra más monedas superando niveles!,Encha o seu cofrinho e economize mais moedas ao vencer níveis!,Lấp đầy Heo Đất và tiết kiệm nhiều xu hơn bằng cách vượt qua các màn chơi!,"Наполняйте копилку и копите больше монет, проходя уровни!",Isi celenganmu dan hemat lebih banyak koin dengan menaklukkan level!,เติมกระปุกออมสินและเก็บเหรียญเพิ่มด้วยการผ่านด่าน!,Remplis ta tirelire et économise plus de pièces en gagnant des niveaux !,املأ حصالتك وادخر المزيد من العملات بالفوز بالمراحل!,लेवल जीतकर गुल्लक भरें और ज्यादा सिक्के बचाएँ!,Seviyeleri geçerek kumbaranı doldur ve daha fazla jeton biriktir!
Finding players on your levels,Text,,Finding players on your levels,당신의 레벨과 같은 플레이어를 찾는 중,あなたと同じレベルのプレイヤーを検索中,Spieler auf deinem Level werden gesucht,Buscando jugadores en tus niveles,Procurando jogadores nos seus níveis,Đang tìm người chơi có cùng cấp độ với bạn,Поиск игроков на твоих уровнях,Mencari pemain di level yang sama denganmu,กำลังค้นหาผู้เล่นที่อยู่ในระดับเดียวกับคุณ,Recherche de joueurs à ton niveau,جارٍ العثور على لاعبين في نفس مستواك,आपके समान स्तर के खिलाड़ियों की खोज हो रही है,Senin seviyendeki oyuncular bulunuyor
Finish the customer's order before time run out,Text,,Finish the customer's order before time run out,시간이 끝나기 전에 고객 주문을 완료하세요,制限時間が切れる前にお客様の注文を完成させてください,"Fülle die Bestellung des Kunden ab, bevor die Zeit abläuft",Termina el pedido del cliente antes de que se acabe el tiempo,Finalize o pedido do cliente antes que o tempo acabe,Hoàn thành đơn hàng của khách trước khi hết thời gian,Выполните заказ клиента до окончания времени,Selesaikan pesanan pelanggan sebelum waktu habis,ทำออเดอร์ของลูกค้าให้เสร็จก่อนหมดเวลา,Termine la commande du client avant la fin du temps imparti,أكمل طلب الزبون قبل نفاد الوقت,समय खत्म होने से पहले ग्राहक का ऑर्डर पूरा करें,Süre dolmadan müşterinin siparişini tamamla
Finish the customer's order before time runs out,Text,,Finish the customer's order before time runs out,시간이 다 되기 전에 고객의 주문을 완료하세요,時間内にお客様の注文を完成させましょう,"Erledigen Sie die Bestellung des Kunden, bevor die Zeit abläuft",Completa el pedido del cliente antes de que se acabe el tiempo,Conclua o pedido do cliente antes que o tempo acabe,Hoàn thành đơn hàng của khách trước khi hết thời gian,Выполните заказ клиента до окончания времени,Selesaikan pesanan pelanggan sebelum waktu habis,ทำออเดอร์ของลูกค้าให้เสร็จก่อนหมดเวลา,Termine la commande du client avant la fin du temps imparti,أكمل طلب الزبون قبل نفاد الوقت,समय खत्म होने से पहले ग्राहक का ऑर्डर पूरा करें,Süre dolmadan müşterinin siparişini tamamla
Finish these stages,Text,,Finish these stages,이 단계를 완료하세요,これらのステージをクリアしよう,Schließe diese Stufen ab,Completa estos niveles,Termine essas fases,Hoàn thành các màn này,Заверши эти этапы,Selesaikan tahap ini,ผ่านด่านเหล่านี้ให้ได้,Termine ces niveaux,أكمل هذه المراحل,इन चरणों को पूरा करें,Bu aşamaları tamamla
Finished,Text,,Finished,완료,完了,Abgeschlossen,Completado,Concluído,Hoàn thành,Завершено,Selesai,เสร็จสิ้น,Terminé,منجز,पूरा हुआ,Tamamlandı
First Try Win,Text,,First Try Win,첫 시도 승리,一発クリア,Erster Versuch Sieg,Victoria al primer intento,Vitória na Primeira Tentativa,Thắng Ngay Lần Đầu,Победа с первой попытки,Menang di Percobaan Pertama,ชนะตั้งแต่ครั้งแรก,Victoire du premier essai,الفوز من المحاولة الأولى,पहली कोशिश में जीत,İlk Denemede Kazan
Fishing Rod,Text,,Fishing Rod,낚싯대,釣り竿,Angelrute,Caña de pescar,Vara de pescar,Cần câu,Удочка,Pancing,เบ็ดตกปลา,Canne à pêche,صنارة صيد,मछली पकड़ने की छड़ी,Olta
Fishing Ship,Text,,Fishing Ship,어선,漁船,Fischereischiff,Barco pesquero,Barco de pesca,Tàu cá,Рыболовецкое судно,Kapal nelayan,เรือประมง,Bateau de pêche,سفينة صيد,मछली पकड़ने की नाव,Balıkçı Gemisi
Flavor from the Heart,Text,,Flavor from the Heart,마음에서 우러나온 맛,心からの味わい,Geschmack aus dem Herzen,Sabor del corazón,Sabor do coração,Hương vị từ trái tim,Вкус от сердца,Rasa dari Hati,รสชาติจากหัวใจ,Saveur du cœur,نكهة من القلب,दिल से आने वाला स्वाद,Kalpten Gelen Lezzet
Font_normal,Material,,HVD Fonts  MikadoBlack SDF Material,KO_JALNANGOTHICTTF SDF Material,JP_FUTEHODO-MARUGOTHIC SDF Material,HVD Fonts  MikadoBlack SDF Material,HVD Fonts  MikadoBlack SDF Material,HVD Fonts  MikadoBlack SDF Material,HVD Fonts  MikadoBlack SDF Material,movavi-grotesque Material,HVD Fonts  MikadoBlack SDF Material,NOTOSANSTHAI-EXTRABOLD SDF Material,HVD Fonts  MikadoBlack SDF Material,AligarhArabicFREEPERSONALUSE-Black SDF Material,BakbakOne-Regular SDF Material,NOTOSANSTHAI-EXTRABOLD SDF Material
Food Explorer,Text,,Food Explorer,음식 탐험가,フードエクスプローラー,Essensentdecker,Explorador de comida,Explorador de Comidas,Nhà Khám Phá Ẩm Thực,Исследователь еды,Penjelajah Makanan,นักสำรวจอาหาร,Explorateur culinaire,مستكشف الطعام,भोजन खोजकर्ता,Yemek Kaşifi
Frame,Text,,Frame,프레임,フレーム,Rahmen,Marco,Moldura,Khung,Рамка,Bingkai,กรอบ,Cadre,إطار,फ्रेम,Çerçeve
Free,Text,,Free,무료,無料,Kostenlos,Gratis,Grátis,Miễn phí,Бесплатно,Gratis,ฟรี,Gratuit,مجاني,मुफ़्त,Ücretsiz
Free 1 Live,Text,,Free 1 Life,무료 생명 1개,ライフ1個無料,1 Leben gratis,1 vida gratis,1 vida grátis,Tặng 1 mạng miễn phí,1 жизнь бесплатно,Gratis 1 Nyawa,ฟรี 1 ชีวิต,1 vie gratuite,حياة واحدة مجانًا,1 अतिरिक्त जीवन मुफ्त,1 Ücretsiz Can
Free in,Text,,Free in,무료까지,無料まで,Kostenlos in,Gratis en,Grátis em,Miễn phí sau,Бесплатно через,Gratis dalam,ฟรีในอีก,Gratuit dans,مجاني خلال,मुफ़्त में,Ücretsiz içinde
Freeze,Text,,Freeze,얼기,フリーズ,Einfrieren,Congelar,Congelar,Đóng băng,Заморозка,Bekukan,แช่แข็ง,Gel,تجميد,फ्रीज़,Dondur
Freeze for 15 seconds!,Text,,Freeze for 10 seconds!,10초 동안 얼리기!,10秒間フリーズ！,Friere für 10 Sekunden!,¡Congela por 10 segundos!,Congele por 10 segundos!,Đóng băng trong 10 giây!,Заморозить на 10 секунд!,Bekukan selama 10 detik!,แช่แข็ง 10 วินาที!,Gèle pendant 10 secondes !,جمّد لمدة 10 ثانية!,10 सेकंड के लिए फ्रीज़ करें!,10 saniyeliğine dondur!
Freeze time for 30 seconds,Text,,Freeze time for 20 seconds,시간을 20초 동안 멈추기,時間を20秒間止める,Zeit für 20 Sekunden einfrieren,Congelar el tiempo durante 20 segundos,Congelar o tempo por 20 segundos,Đóng băng thời gian 20 giây,Заморозьте время на 20 секунд,Bekukan waktu selama 20 detik,หยุดเวลา 20 วินาที,Gèle le temps pendant 20 secondes,جمّد الوقت لمدة 20 ثانية,20 सेकंड के लिए समय फ्रीज़ करें,Zamanı 20 saniyeliğine dondur
Fried Chicken,Text,,Fried Chicken,프라이드 치킨,フライドチキン,Brathähnchen,Pollo frito,Frango frito,Gà rán,Жареная курица,Ayam goreng,ไก่ทอด,Poulet frit,دجاج مقلي,तला हुआ चिकन,Kızarmış Tavuk
Friends,Text,,Friends,친구,フレンド,Freunde,Amigos,Amigos,Bạn bè,Друзья,Teman,เพื่อน,Amis,الأصدقاء,दोस्त,Arkadaşlar
Fries,Text,,Fries,감자튀김,フライドポテト,Pommes,Papas fritas,Batata frita,Khoai tây chiên,Картофель фри,Kentang goreng,เฟรนช์ฟรายส์,Frites,بطاطا مقلية,फ्रेंच फ्राइज,Patates Kızartması
From,Text,,From,보낸 사람,送信者,Von,De,De,Người gửi,От,Dari,จาก,De,من,से,Gönderen
Frosty Haul,Text,,Frosty Haul,서리 하울,フロスティホール,Frostige Beute,Botín helado,Saque Gelado,Bộ Sưu Tập Băng Giá,Морозный набор,Hasil Beku,ของสะสมเย็นเยือก,Butin givré,الغنيمة المتجمدة,फ्रॉस्टी हॉल,Buzlu Paket
Frozen items can't be moved. Sort 3 in the same tray to melt!,Text,,Frozen items can't be moved. Sort 3 in the same tray to melt!,얼어있는 아이템은 움직일 수 없습니다. 같은 쟁반에 3개를 정리해 녹이세요!,凍ったアイテムは動かせません。同じトレイに3つ揃えて溶かそう！,"Gefrorene Gegenstände können nicht bewegt werden. Sortiere 3 in dasselbe Fach, um sie zu schmelzen!",Los objetos congelados no se pueden mover. Ordena 3 en la misma bandeja para derretirlos!,Os itens congelados não podem ser movidos. Organize 3 na mesma bandeja para derreter!,Đồ ăn bị đóng băng không thể di chuyển. Sắp xếp 3 đồ ăn giống nhau vào cùng khay để làm tan băng!,"Замороженные предметы нельзя перемещать. Соберите 3 на том же лотке, чтобы растопить!",Item beku tidak bisa dipindahkan. Susun 3 di baki yang sama untuk mencairkannya!,ไอเท็มที่แช่แข็งจะขยับไม่ได้ จัดให้ครบ 3 ชิ้นในถาดเดียวกันเพื่อให้ละลาย!,Les objets gelés ne peuvent pas être déplacés. Aligne 3 dans le même plateau pour les faire fondre !,العناصر المجمّدة لا يمكن تحريكها. رتّب 3 في الصينية نفسها لتذويبها!,जमे हुए आइटम हिलाए नहीं जा सकते। उसी ट्रे में 3 मिलाएँ ताकि पिघल जाएँ!,Donmuş eşyalar taşınamaz. Aynı tepside 3 tanesini eşleştirerek erit!
Fruit Bowl,Text,,Fruit Bowl,과일 그릇,フルーツボウル,Obstschale,Tazón de frutas,Tigela de frutas,Tô trái cây,Фруктовая миска,Mangkuk buah,ชามผลไม้,Saladier de fruits,سلطانية فواكه,फल का कटोरा,Meyve Kasesi
Fruit Skewer,Text,,Fruit Skewer,과일 꼬치,フルーツ串,Obstspieß,Brocheta de frutas,Espetinho de frutas,Xiên trái cây,Фруктовый шашлык,Sate buah,ไม้เสียบผลไม้,Brochette de fruits,سيخ فواكه,फल की सीख,Meyve Şişi
Full,Text,,Full,가득 참,満杯,Voll,Lleno,Cheio,Đầy,Полный,Penuh,เต็ม,Plein,ممتلئ,पूर्ण,Dolu
Full lives,Text,,Full lives,생명 가득,ライフ満タン,Volle Leben,Vidas completas,Vidas cheias,Đầy mạng,Полные жизни,Nyawa penuh,พลังชีวิตเต็ม,Vies pleines,أرواح كاملة,जिंदगियाँ पूरी हैं,Canlar dolu
Gamjatang,Text,,Gamjatang,감자탕,カムジャタン,Gamjatang,Sopa de cerdo con patatas,Ensopado de batata com porco,Canh xương khoai tây,Камчатан,Gamjatang,แกมจาทัง,Gamjatang,جامجاتانغ,गमजाटांग,Gamjatang
Garden Party,Text,,Garden Party,가든 파티,ガーデンパーティー,Gartenparty,Fiesta en el jardín,Festa no jardim,Bữa tiệc trong vườn,Садовая вечеринка,Pesta Kebun,ปาร์ตี้ในสวน,Fête au jardin,حفلة حديقة,गार्डन पार्टी,Bahçe Partisi
General Stats,Text,,General Stats,일반 통계,一般統計,Allgemeine Statistik,Estadísticas generales,Estatísticas gerais,Thống kê chung,Общая статистика,Statistik umum,สถิติทั่วไป,Statistiques générales,إحصاءات عامة,सामान्य आँकड़े,Genel İstatistikler
Get Rewards!,Text,,Get Rewards!,보상 받기!,報酬を獲得！,Belohnungen erhalten!,¡Obtén recompensas!,Ganhe recompensas!,Nhận thưởng!,Получи награды!,Dapatkan hadiah!,รับรางวัล!,Gagne des récompenses !,احصل على المكافآت!,इनाम पाओ!,Ödülleri Al!
Get amazing rewards,Text,,Get amazing rewards,멋진 보상 획득,素敵な報酬ゲット,Tolle Belohnungen erhalten,Obtén recompensas increíbles,Ganhe recompensas incríveis,Nhận phần thưởng hấp dẫn,Получай потрясающие награды,Dapatkan hadiah keren,รับรางวัลสุดพิเศษ,Obtiens des récompenses incroyables,احصل على مكافآت مذهلة,शानदार इनाम पाएं,Harika ödüller kazan
Get awesome rewards at a special price!,Text,,Get awesome rewards at a special price!,특별한 가격에 멋진 보상을 받으세요!,特別価格で素敵な報酬を手に入れよう！,Hol dir tolle Belohnungen zum Sonderpreis!,¡Obtén increíbles recompensas a un precio especial!,Ganhe recompensas incríveis por um preço especial!,Nhận phần thưởng tuyệt vời với giá đặc biệt!,Получай классные награды по специальной цене!,Dapatkan hadiah keren dengan harga spesial!,รับรางวัลสุดเจ๋งในราคาพิเศษ!,Obtiens des récompenses géniales à un prix spécial !,احصل على مكافآت رائعة بسعر خاص!,विशेष कीमत पर शानदार इनाम पाओ!,Özel fiyata harika ödüller kazan!
Get cards from card packs and frends to complete sets!,Text,,Get cards from card packs and frends to complete sets!,카드 팩과 친구에게서 카드를 받아 세트를 완성하세요!,カードパックや友達からカードをもらってセットを完成させよう！,"Hol dir Karten aus Packs und von Freunden, um Sets zu vervollständigen!",¡Consigue cartas de sobres y amigos para completar colecciones!,Ganhe cartas de pacotes e amigos para completar conjuntos!,Lấy thẻ từ gói và bạn bè để hoàn thành bộ sưu tập!,"Получайте карты из пакетов и от друзей, чтобы собрать наборы!",Dapatkan kartu dari paket dan teman untuk melengkapi set!,รับการ์ดจากซองและเพื่อนเพื่อให้ครบเซ็ต!,Obtenez des cartes des packs et des amis pour compléter les sets !,احصل على بطاقات من الحزم والأصدقاء لإكمال المجموعات!,पैक और दोस्तों से कार्ड पाओ और सेट पूरा करो!,Setleri tamamlamak için kart paketlerinden ve arkadaşlarından kart al!
Gift for your teammates,Text,,Gift for your teammates,팀원을 위한 선물,チームメイトへのギフト,Geschenk für deine Teamkollegen,Regalo para tus compañeros de equipo,Presente para seus companheiros de equipe,Quà cho đồng đội của bạn,Подарок для твоих товарищей по команде,Hadiah untuk rekan satu tim,ของขวัญสำหรับเพื่อนร่วมทีมของคุณ,Cadeau pour tes coéquipiers,هدية لزملائك في الفريق,अपने साथियों के लिए उपहार,Takım arkadaşların için hediye
Gold Team Offer,Text,,Gold Team Offer,골드 팀 오퍼,ゴールドチームオファー,Gold-Team-Angebot,Oferta de equipo de oro,Oferta da Equipe Ouro,Ưu đãi Đội Vàng,Предложение золотой команды,Penawaran Tim Emas,ข้อเสนอทีมทอง,Offre Équipe Or,عرض الفريق الذهبي,गोल्ड टीम ऑफ़र,Altın Takım Teklifi
Golden Sausage,Text,,Golden Sausage,황금 소시지,ゴールデンソーセージ,Goldene Wurst,Salchicha dorada,Salsicha dourada,Xúc xích vàng,Золотая сосиска,Sosis Emas,ไส้กรอกทองคำ,Saucisse dorée,نقانق ذهبية,गोल्डन सॉसेज,Altın Sosis
Golden Steak,Text,,Golden Steak,골든 스테이크,ゴールデンステーキ,Goldenes Steak,Filete dorado,Bife dourado,Bít tết vàng,Золотой стейк,Steak emas,สเต็กทอง,Steak doré,شريحة ذهبية,सुनहरा स्टेक,Altın Biftek
Golden profile picture frame and golden user name,Text,,Golden profile picture frame and golden user name,황금 프로필 사진 프레임과 황금 사용자 이름,ゴールドのプロフィール画像フレームとゴールドのユーザー名,Goldener Profilbildrahmen und goldener Benutzername,Marco dorado para la foto de perfil y nombre de usuario dorado,Moldura dourada para foto de perfil e nome de usuário dourado,Khung ảnh đại diện vàng và tên người dùng vàng,Золотая рамка для аватара и золотое имя пользователя,Bingkai foto profil emas dan nama pengguna emas,กรอบรูปโปรไฟล์สีทองและชื่อผู้ใช้สีทอง,Cadre doré de photo de profil et nom d’utilisateur doré,إطار صورة الملف الشخصي الذهبي واسم المستخدم الذهبي,स्वर्ण प्रोफ़ाइल चित्र फ्रेम और स्वर्ण उपयोगकर्ता नाम,Altın profil çerçevesi ve altın kullanıcı adı
Good!,Text,,Good!,좋아!,いいね！,Gut!,¡Bien!,Bom!,Tốt!,Хорошо!,Bagus!,ดี!,Bien !,جيد!,अच्छा!,İyi!
Gopchang,Text,,Gopchang,곱창,ホルモン焼き,Gopchang,Intestinos a la parrilla,Gopchang,Lòng nướng,Гопчхан,Gopchang,ก๊อบชัง,Gopchang,جوبتشانغ,गोपचांग,Gopchang
Grand Prize,Text,,Grand Prize,그랜드 프라이즈,グランド賞,Hauptpreis,Gran premio,Grande prêmio,Giải thưởng lớn,Главный приз,Hadiah utama,รางวัลใหญ่,Grand prix,الجائزة الكبرى,ग्रैंड पुरस्कार,Büyük Ödül
Gray_Outline_Shadow,Material,,HVD Fonts  MikadoBlack SDF Gray Outline Shadow,KO_JALNANGOTHICTTF SDF Gray Outline Shadow,JP_FUTEHODO-MARUGOTHIC SDF Gray Outline Shadow,HVD Fonts  MikadoBlack SDF Gray Outline Shadow,HVD Fonts  MikadoBlack SDF Gray Outline Shadow,HVD Fonts  MikadoBlack SDF Gray Outline Shadow,HVD Fonts  MikadoBlack SDF Gray Outline Shadow,movavi-grotesque Gray Outline Shadow,HVD Fonts  MikadoBlack SDF Gray Outline Shadow,NOTOSANSTHAI-EXTRABOLD SDF Gray Outline Shadow,HVD Fonts  MikadoBlack SDF Gray Outline Shadow,AligarhArabicFREEPERSONALUSE-Black SDF Gray Outline Shadow,BakbakOne-Regular SDF Gray Outline Shadow,NOTOSANSTHAI-EXTRABOLD SDF Gray Outline Shadow
Green_Outline_Shadow,Material,,HVD Fonts  MikadoBlack SDF Green Outline Shadow,KO_JALNANGOTHICTTF SDF Green Outline Shadow,JP_FUTEHODO-MARUGOTHIC SDF Green Outline Shadow,HVD Fonts  MikadoBlack SDF Green Outline Shadow,HVD Fonts  MikadoBlack SDF Green Outline Shadow,HVD Fonts  MikadoBlack SDF Green Outline Shadow,HVD Fonts  MikadoBlack SDF Green Outline Shadow,movavi-grotesque Green Outline Shadow,HVD Fonts  MikadoBlack SDF Green Outline Shadow,NOTOSANSTHAI-EXTRABOLD SDF Green Outline Shadow,HVD Fonts  MikadoBlack SDF Green Outline Shadow,AligarhArabicFREEPERSONALUSE-Black SDF Green Outline Shadow,BakbakOne-Regular SDF Green Outline Shadow,NOTOSANSTHAI-EXTRABOLD SDF Green Outline Shadow
Grill,Text,,Grill,그릴,グリル,Grill,Parrilla,Grelha,Vỉ nướng,Гриль,Alat panggang,เตาย่าง,Gril,شواية,ग्रिल,Izgara
Grill Camp,Text,,Grill Camp,그릴 캠프,グリルキャンプ,Grillcamp,Campamento de Parrilla,Acampamento de Churrasco,Trại Nướng,Гриль-лагерь,Perkemahan Panggang,แคมป์ปิ้งย่าง,Camp de Grillade,مخيم الشواء,ग्रिल कैंप,Izgara Kampı
Grill Collection,Text,,Grill Collection,그릴 컬렉션,グリルコレクション,Grillkollektion,Colección de parrilla,Coleção de grelha,Bộ sưu tập nướng,Коллекция гриля,Koleksi panggangan,คอลเลกชันเตาย่าง,Collection de grillades,مجموعة مشاوي,ग्रिल संग्रह,Izgara Koleksiyonu
Grill Master,Text,,Grill Master,그릴 마스터,グリルマスター,Grillmeister,Maestro de la Parrilla,Mestre da Churrasqueira,Bậc Thầy Nướng,Мастер гриля,Ahli Panggang,ปรมาจารย์ย่าง,Maître du Grill,سيد الشواء,ग्रिल मास्टर,Izgara Ustası
Grill Pass,Text,,Grill Pass,그릴 패스,グリルパス,Grill-Pass,Pase de Parrilla,Passe do Churrasco,Grill Pass,Гриль-пропуск,Pass Panggang,พาสปิ้งย่าง,Passe du Grill,بطاقة الشواء,ग्रिल पास,Izgara Kartı
Grill Pass has started! Collect Key to get special reward!,Text,,Grill Pass has started! Collect <color=yellow>Key</color> to get special reward!,그릴 패스가 시작되었습니다! 특별 보상을 받으려면 <color=yellow>열쇠</color>를 모으세요!,グリルパスが始まりました！特別な報酬を得るために<color=yellow>キー</color>を集めましょう！,"Der Grill-Pass hat begonnen! Sammle <color=yellow>Schlüssel</color>, um eine besondere Belohnung zu erhalten!",¡El Pase Grill ha comenzado! ¡Recoge <color=yellow>llaves</color> para obtener una recompensa especial!,O Passe Grill começou! Colete <color=yellow>chaves</color> para ganhar uma recompensa especial!,Grill Pass đã bắt đầu! Hãy thu thập <color=yellow>chìa khóa</color> để nhận phần thưởng đặc biệt!,"Гриль-Пасс начался! Соберите <color=yellow>ключи</color>, чтобы получить особую награду!",Grill Pass telah dimulai! Kumpulkan <color=yellow>kunci</color> untuk mendapatkan hadiah spesial!,กิจกรรม Grill Pass เริ่มแล้ว! เก็บ<color=yellow>กุญแจ</color>เพื่อรับรางวัลพิเศษ!,Le Grill Pass a commencé ! Collecte des <color=yellow>clés</color> pour obtenir une récompense spéciale !,لقد بدأ Grill Pass! اجمع <color=yellow>المفاتيح</color> لتحصل على مكافأة خاصة!,ग्रिल पास शुरू हो गया है! विशेष इनाम पाने के लिए <color=yellow>चाबियाँ</color> इकट्ठा करें!,Grill Pass has started! Collect <color=yellow>Key</color> to get special reward!
Grill Pass has started! Collect Key to get special rewards!,Text,,Grill Pass has started! Collect Key to get special rewards!,그릴 패스가 시작되었습니다! 특별 보상을 받으려면 열쇠를 모으세요!,グリルパスが開幕！ 特別報酬を手に入れるためにキーを集めよう！,"Der Grill-Pass hat begonnen! Sammle Schlüssel, um besondere Belohnungen zu erhalten!",¡El Pase de Parrilla ha comenzado! ¡Reúne llaves para obtener recompensas especiales!,O Passe do Churrasco começou! Colete chaves para obter recompensas especiais!,Grill Pass đã bắt đầu! Thu thập chìa khóa để nhận phần thưởng đặc biệt!,"Гриль-пропуск стартовал! Собирай ключи, чтобы получить особые награды!",Pass Panggang telah dimulai! Kumpulkan kunci untuk mendapatkan hadiah spesial!,พาสปิ้งย่างเริ่มแล้ว! เก็บกุญแจเพื่อรับรางวัลพิเศษ!,Le Passe du Grill a commencé ! Collecte des clés pour obtenir des récompenses spéciales !,لقد بدأت بطاقة الشواء! اجمع المفاتيح للحصول على مكافآت خاصة!,ग्रिल पास शुरू हो गया है! विशेष इनाम पाने के लिए चाबी इकट्ठा करें!,Izgara Kartı başladı! Özel ödüller kazanmak için Anahtar topla!
Group,Text,,Group,그룹,グループ,Gruppe,Grupo,Grupo,Nhóm,Группа,Grup,กลุ่ม,Groupe,مجموعة,समूह,Grup
Group 3 identical food instantly,Text,,Group 1 identical food instantly,동일한 음식 1개를 즉시 그룹으로 만들기,同じ食べ物を1つすぐにまとめる,Drei gleiche Lebensmittel sofort gruppieren,Agrupar 1 alimentos idénticos al instante,Agrupar 1 alimentos idênticos instantaneamente,Ghép ngay 1 nhóm đồ ăn giống nhau,Мгновенно сгруппируйте 1 одинаковый продукт,Kelompokkan 1 makanan identik seketika,จัดกลุ่มอาหารที่เหมือนกัน 1 ชิ้นทันที,Grouper instantanément 1 aliment identique,اجمع طعامًا واحدًا مطابقًا فورًا,1 समान भोजन को तुरंत समूहित करें,Aynı yiyecekten 1 grubu anında birleştir
HVD Fonts MikadoBlack SDF,TextMeshPFont,,HVD Fonts MikadoBlack SDF,HVD Fonts MikadoBlack SDF,HVD Fonts MikadoBlack SDF,HVD Fonts MikadoBlack SDF,HVD Fonts MikadoBlack SDF,HVD Fonts MikadoBlack SDF,Phông chữ HVD MikadoBlack SDF,HVD Fonts MikadoBlack SDF,HVD Fonts MikadoBlack SDF,HVD Fonts MikadoBlack SDF,HVD Fonts MikadoBlack SDF,HVD Fonts MikadoBlack SDF,HVD Fonts MikadoBlack SDF,HVD Fonts MikadoBlack SDF
Hamburger,Text,,Hamburger,햄버거,ハンバーガー,Hamburger,Hamburguesa,Hambúrguer,Bánh hamburger,Гамбургер,Hamburger,แฮมเบอร์เกอร์,Hamburger,هامبرغر,हैमबर्गर,Hamburger
Hard,Text,,Hard,어려움,ハード,Schwer,Difícil,Difícil,Khó,Сложно,Sulit,ยาก,Difficile,صعب,कठिन,Zor
Hard Times,Text,,Hard Times,힘든 시절,苦しい時代,Harte Zeiten,Tiempos difíciles,Tempos Difíceis,Thời Khắc Khó Khăn,Трудные времена,Masa Sulit,ช่วงเวลาแห่งความยากลำบาก,Temps difficiles,الأوقات الصعبة,कठिन समय,Zor Zamanlar
Harvest Pass,Text,,Harvest Pass,수확 패스,ハーベストパス,Erntepass,Pase de Cosecha,Passe da Colheita,Harvest Pass,Проп урожая,Tiket Panen,พาสฤดูเก็บเกี่ยว,Pass de Récolte,تذكرة الحصاد,हार्वेस्ट पास,Hasat Bileti
Harvest Pass has started! Collect Hat to get special rewards!,Text,,Harvest Pass has started! Collect <color={[color]}>Hat</color> to get special rewards!,수확 패스가 시작되었습니다! <color={[color]}>모자</color>를 모아 특별한 보상을 받으세요!,ハーベストパスが始まりました！<color={[color]}>帽子</color>を集めて特別な報酬を手に入れよう！,"Der Erntepass hat begonnen! Sammle <color={[color]}>Hüte</color>, um spezielle Belohnungen zu erhalten!",¡El Pase de Cosecha ha comenzado! ¡Recolecta <color={[color]}>Sombreros</color> para conseguir recompensas especiales!,O Passe da Colheita começou! Colete <color={[color]}>Chapéus</color> para ganhar recompensas especiais!,Harvest Pass đã bắt đầu! Thu thập <color={[color]}>Mũ</color> để nhận phần thưởng đặc biệt!,"Проп урожая начался! Собери <color={[color]}>шляпы</color>, чтобы получить особые награды!",Harvest Pass telah dimulai! Kumpulkan <color={[color]}>Topi</color> untuk mendapatkan hadiah spesial!,พาสฤดูเก็บเกี่ยวเริ่มแล้ว! สะสม<color={[color]}>หมวก</color>เพื่อรับรางวัลพิเศษ!,Le Pass de Récolte a commencé ! Récupère des <color={[color]}>chapeaux</color> pour obtenir des récompenses spéciales !,لقد بدأ تذكرة الحصاد! اجمع <color={[color]}>القبعات</color> لتحصل على مكافآت خاصة!,हार्वेस्ट पास शुरू हो गया है! विशेष इनाम पाने के लिए <color={[color]}>टोपी</color> इकट्ठा करें!,Hasat Bileti başladı! Özel ödüller almak için <color={[color]}>Şapkaları</color> topla!
Having Fun?,Text,,Having Fun?,재밌게 즐기고 있나요?,楽しんでいますか？,Viel Spaß?,¿Te estás divirtiendo?,Está se divertindo?,Bạn thấy vui chứ?,Весело?,Seru?,สนุกไหม?,On s’amuse ?,مستمتع؟,मज़ा आ रहा है?,Eğleniyor musun?
Having fun? Let us know!,Text,,Having fun? Let us know!,재밌게 즐기고 있다면 알려주세요!,楽しんでいるなら教えてください！,Hast du Spaß? Sag es uns!,¿Te estás divirtiendo? ¡Cuéntanos!,Está se divertindo? Conte para nós!,"Bạn thấy vui chứ?
Hãy cho chúng tôi biết!","Нравится игра?
Расскажите нам!","Seru?
Beri tahu kami!","สนุกอยู่ไหม?
บอกเราได้เลย!","Tu t’amuses ?
Dis‑le nous !","هل تستمتع؟
أخبرنا!","मज़ा आ रहा है?
हमें बताइए!",Eğleniyor musun? Bize bildir!
Healing Seaside Diner,Text,,Healing Seaside Diner,치유의 해변 식당,癒しの海辺のダイナー,Heilendes Strandrestaurant,Restaurante costero curativo,Restaurante litorâneo curativo,Quán Ăn Ven Biển Chữa Lành,Исцеляющая Прибрежная Забегаловка,Rumah Makan Tepi Laut Penyembuhan,ร้านอาหารชายทะเลแห่งการเยียวยา,Dîner du bord de mer guérisseur,مطعم الشاطئ العلاجي,उपचारक समुद्र तट का भोजनालय,Şifalı Sahil Lokantası
Healthy Power,Text,,Healthy Power,건강 파워,ヘルシーパワー,Gesunde Kraft,Poder saludable,Poder saudável,Sức khỏe năng lượng,Сила здоровья,Kekuatan sehat,พลังสุขภาพ,Puissance santé,قوة صحية,स्वस्थ शक्ति,Sağlıklı Güç
Help,Text,,Help,도움말,ヘルプ,Hilfe,Ayuda,Ajuda,Trợ giúp,Помощь,Bantuan,ช่วยเหลือ,Aide,مساعدة,सहायता,Yardım
Hidden Item,Text,,Hidden Item,숨겨진 아이템,隠しアイテム,Versteckter Gegenstand,Objeto oculto,Item oculto,Đồ ăn bí ẩn,Скрытый предмет,Item Tersembunyi,ไอเท็มที่ซ่อนอยู่,Objet caché,عنصر مخفي,छिपा आइटम,Gizli Öğe
Hide,Text,,Hide,숨기기,非表示,Ausblenden,Ocultar,Ocultar,Ẩn,Скрыть,Sembunyikan,ซ่อน,Masquer,إخفاء,छिपाएँ,Gizle
Hold to view,Text,,Hold to view,길게 눌러 보기,長押しで表示,Lang drücken zum Anzeigen,Mantén pulsado para ver,Mantenha pressionado para ver,Giữ để xem,"Удерживайте, чтобы просмотреть",Tahan untuk melihat,กดค้างเพื่อดู,Maintiens pour voir,اضغط مطولًا للعرض,देखने के लिए दबाकर रखें,Görmek için basılı tut
Home,Text,,Home,홈,ホーム,Startseite,Inicio,Início,Trang chủ,Домой,Beranda,หน้าแรก,Accueil,الرئيسية,होम,Ana Sayfa
Hot Cocoa,Text,,Hot Cocoa,핫코코아,ホットココア,Heiße Schokolade,Chocolate caliente,Chocolate quente,Ca cao nóng,Горячее какао,Cokelat panas,โกโก้ร้อน,Chocolat chaud,كاكاو ساخن,गरम कोको,Sıcak Kakao
Hot Pot,Text,,Hot Pot,전골,火鍋,Feuertopf,Olla caliente,Panela quente,Lẩu,Хот пот,Hot pot,หม้อไฟ,Marmite chaude,قدر ساخن,हॉट पॉट,Sıcak Güveç
Hotdog,Text,,Hotdog,핫도그,ホットドッグ,Hotdog,Perrito caliente,Cachorro-quente,Xúc xích kẹp bánh mì,Хотдог,Hotdog,ฮอทด็อก,Hot-dog,هوت دوغ,हॉटडॉग,Sosisli Sandviç
How it works,Text,,How it works,작동 방식,仕組み,So funktioniert’s,Cómo funciona,Como funciona,Cách hoạt động,Как это работает,Cara kerjanya,วิธีการทำงาน,Comment ça marche,كيف تعمل,यह कैसे काम करता है,Nasıl çalışır
Huge Bundle,Text,,Huge Bundle,대형 번들,ヒュージバンドル,Riesiges Paket,Paquete enorme,Pacote gigante,Gói khổng lồ,Огромный пакет,Paket besar,ชุดใหญ่,Pack énorme,حزمة ضخمة,विशाल बंडल,Dev Paket
Huge Bundle Legend,Text,,Huge Bundle Legend,대형 번들 레전드,ヒュージバンドルレジェンド,Riesiges Paket Legende,Paquete enorme Leyenda,Pacote gigante Lenda,Gói khổng lồ Huyền thoại,Огромный пакет Легенда,Paket besar Legenda,ชุดใหญ่ตำนาน,Pack énorme Légende,حزمة ضخمة أسطورية,विशाल बंडल लेजेंड,Efsanevi Dev Paket
Huge Bundle Max,Text,,Huge Bundle Max,대형 번들 맥스,ヒュージバンドルマックス,Riesiges Paket Max,Paquete enorme Max,Pacote gigante Max,Gói khổng lồ Max,Огромный пакет Макс,Paket besar Max,ชุดใหญ่ Max,Pack énorme Max,حزمة ضخمة ماكس,विशाल बंडल मैक्स,Maksimum Dev Paket
Huge Bundle Plus,Text,,Huge Bundle Plus,대형 번들 플러스,ヒュージバンドルプラス,Riesiges Paket Plus,Paquete enorme Plus,Pacote gigante Plus,Gói khổng lồ Plus,Огромный пакет Плюс,Paket besar Plus,ชุดใหญ่ Plus,Pack énorme Plus,حزمة ضخمة بلس,विशाल बंडल प्लस,Dev Paket Plus
Huge Bundle Premium,Text,,Huge Bundle Premium,대형 프리미엄 번들,巨大バンドルプレミアム,Riesiges Premium-Paket,Paquete enorme Premium,Pacote enorme Premium,Gói cao cấp khổng lồ,Огромный премиум-набор,Paket Premium Besar,แพ็คเกจพรีเมียมขนาดใหญ่,Énorme pack Premium,حزمة بريميوم ضخمة,विशाल प्रीमियम बंडल,Dev Paket Premium
Huge Bundle Pro,Text,,Huge Bundle Pro,대형 번들 프로,ヒュージバンドルプロ,Riesiges Paket Pro,Paquete enorme Pro,Pacote gigante Pro,Gói khổng lồ Pro,Огромный пакет Про,Paket besar Pro,ชุดใหญ่ Pro,Pack énorme Pro,حزمة ضخمة برو,विशाल बंडल प्रो,Dev Paket Pro
Ice Bucket,Text,,Ice Bucket,아이스 버킷,アイスバケツ,Eiskübel,Cubo de hielo,Balde de gelo,Xô đá,Ведро для льда,Ember es,ถังน้ำแข็ง,Seau à glace,دلو ثلج,बर्फ की बाल्टी,Buz Kovası
Ice Cream,Text,,Ice Cream,아이스크림,アイスクリーム,Eiscreme,Helado,Sorvete,Kem,Мороженое,Es krim,ไอศกรีม,Glace,آيس كريم,आइसक्रीम,Dondurma
Ice Lock,Text,,Ice Lock,얼음 잠금,氷ロック,Eisblock,Bloqueo de hielo,Bloqueio de gelo,Khóa băng,Ледяной замок,Kunci Es,ล็อกน้ำแข็ง,Verrou de glace,قفل جليدي,आइस लॉक,Buz Kilidi
"If you give up now, you will lose your gift!",Text,,"If you give up now, you will lose your gift!",지금 포기하면 선물을 잃게 됩니다!,今諦めるとギフトを失います！,"Wenn du jetzt aufgibst, verlierst du dein Geschenk!","¡Si te rindes ahora, perderás tu regalo!","Se desistir agora, você perderá o seu presente!","Nếu bạn bỏ cuộc bây giờ, bạn sẽ mất quà!","Если вы сдадитесь сейчас, вы потеряете подарок!","Jika kamu menyerah sekarang, hadiahmu akan hilang!",ถ้ายอมแพ้ตอนนี้ คุณจะเสียของขวัญ!,"Si tu abandonnes maintenant, tu perdras ton cadeau !",إن استسلمت الآن، ستفقد हديتك!,अगर आप अभी हार मानते हैं तो आपका गिफ्ट खो जाएगा!,Şimdi vazgeçersen hediyeni kaybedersin!
"If you leave now, you'll lose all your progress in Treasure Quest",Text,,"If you leave now, you'll lose all your progress in <color={[value]}>Treasure Quest!</color>",지금 나가면 <color={[value]}>보물 퀘스트</color>의 모든 진행 상황이 사라집니다,今退出すると、<color={[value]}>トレジャークエスト</color>の進行状況がすべて失われます。,"Wenn du jetzt gehst, verlierst du deinen gesamten Fortschritt in der <color={[value]}>Schatzsuche</color>","Si sales ahora, perderás todo tu progreso en la <color={[value]}>búsqueda del tesoro</color>","Se você sair agora, perderá todo o seu progresso na <color={[value]}>Caça ao Tesouro</color>","Nếu bạn thoát ngay bây giờ, bạn sẽ mất toàn bộ tiến trình trong <color={[value]}>Cuộc phiêu lưu kho báu!</color>","Если ты выйдешь сейчас, весь твой прогресс в <color={[value]}>охоте за сокровищами</color> будет утерян","Jika kamu keluar sekarang, semua progresmu di <color={[value]}>Pencarian Harta Karun</color> akan hilang",หากคุณออกตอนนี้ ความคืบหน้าทั้งหมดใน <color={[value]}>ภารกิจล่าสมบัติ</color> จะหายไป!,"Si tu quittes maintenant, tu perdras toute ta progression dans la <color={[value]}>chasse au trésor</color>.",إذا غادرت الآن، ستفقد كل تقدمك في <color={[value]}>مغامرة البحث عن الكنز</color>.,"यदि आप अभी बाहर निकलते हैं, तो <color={[value]}>ख़ज़ाने की खोज</color> में आपकी सारी प्रगति खो जाएगी।",Şimdi ayrılırsan <color={[value]}>Hazine Görevi’ndeki tüm ilerlemeni kaybedeceksin!
"If you quit now, you will lose pumpkins!",Text,,"If you quit now, you will lose <color=#B73333>{[VALUE]} pumpkins</color>!",지금 종료하면 <color=#B73333>{[VALUE]} 호박</color>을 잃게 됩니다!,今やめると<color=#B73333>{[VALUE]}個のカボチャ</color>を失います！,"Wenn du jetzt aufhörst, verlierst du <color=#B73333>{[VALUE]} Kürbisse</color>!","¡Si sales ahora, perderás <color=#B73333>{[VALUE]} calabazas</color>!","Se você sair agora, perderá <color=#B73333>{[VALUE]} abóboras</color>!","Nếu thoát ngay bây giờ, bạn sẽ mất <color=#B73333>{[VALUE]} bí ngô</color>!","Если выйдешь сейчас, потеряешь <color=#B73333>{[VALUE]} тыкв</color>!","Jika keluar sekarang, kamu akan kehilangan <color=#B73333>{[VALUE]} labu</color>!",หากออกตอนนี้ คุณจะเสีย<color=#B73333>{[VALUE]} ฟักทอง</color>!,"Si tu quittes maintenant, tu perdras <color=#B73333>{[VALUE]} citrouilles</color> !",إذا خرجت الآن، ستفقد <color=#B73333>{[VALUE]} قرعًا</color>!,"अगर आप अभी बाहर निकलते हैं, तो आप <color=#B73333>{[VALUE]} कद्दू</color> खो देंगे!",Şimdi çıkarsan <color=#B73333>{[VALUE]} balkabağını kaybedeceksin!
Immediately,Text,,Immediately,즉시,すぐに,Sofort,Inmediatamente,Imediatamente,Ngay lập tức,Сразу,Segera,ทันที,Immédiatement,فورًا,तुरंत,Hemen
It's full,Text,,It's full,가득 찼어요,いっぱいです,Voll,Está lleno,Está cheio,Đã đầy,Заполнено,Penuh,เต็มแล้ว,C’est plein,ممتلئ,भर गया है,Dolu
Items cannot be sorted on this tray,Text,,Items cannot be sorted on this tray,이 트레이에서는 아이템을 정리할 수 없습니다,このトレイではアイテムを並べ替えることはできません,Auf diesem Tablett können keine Gegenstände sortiert werden,No se pueden ordenar objetos en esta bandeja,Não é possível organizar itens nesta bandeja,Không thể sắp xếp vật phẩm trên khay này,На этом подносе нельзя сортировать предметы,Item tidak bisa diurutkan di nampan ini,ไม่สามารถจัดเรียงไอเท็มบนถาดนี้ได้,Les objets ne peuvent pas être triés sur ce plateau,لا يمكن فرز العناصر على هذه الصينية,इस ट्रे पर वस्तुओं को क्रमबद्ध नहीं किया जा सकता,Bu tepside öğeler sıralanamaz
Japanese Dishes,Text,,Japanese Dishes,일본 요리,日本料理,Japanische Gerichte,Platos japoneses,Pratos japoneses,Món Nhật,Японские блюда,Hidangan Jepang,อาหารญี่ปุ่น,Plats japonais,أطباق يابانية,जापानी व्यंजन,Japon Yemekleri
Join,Text,,Join,가입,参加,Beitreten,Unirse,Entrar,Tham gia,Присоединиться,Bergabung,เข้าร่วม,Rejoindre,انضم,जुड़ना,Katıl
Join a team to play the event and earn great rewards!,Text,,Join a team to play the event and earn great rewards!,이 이벤트에 참여하고 보상을 받으려면 팀에 가입하세요!,イベントをプレイして素晴らしい報酬を得るにはチームに参加してください！,"Schließe dich einem Team an, um am Event teilzunehmen und tolle Belohnungen zu verdienen!",¡Únete a un equipo para jugar el evento y ganar grandes recompensas!,Junte-se a uma equipe para jogar o evento e ganhar ótimas recompensas!,Tham gia một đội để chơi sự kiện và nhận nhiều phần thưởng hấp dẫn!,"Присоединяйтесь к команде, чтобы участвовать в событии и получать отличные награды!",Bergabunglah dengan tim untuk bermain event dan mendapatkan hadiah besar!,เข้าร่วมทีมเพื่อเล่นกิจกรรมและรับรางวัลมากมาย!,Rejoignez une équipe pour jouer l’événement et gagner de super récompenses !,انضم إلى فريق للعب الحدث وكسب مكافآت رائعة!,ईवेंट खेलने और शानदार इनाम कमाने के लिए किसी टीम में शामिल हों!,Bir etkinliğe katılmak ve harika ödüller kazanmak için bir takıma katılın!
Join a team to send cards,Text,,Join a team to send cards,카드를 보내려면 팀에 가입하세요,カードを送るにはチームに参加してください,"Tritt einem Team bei, um Karten zu senden",Únete a un equipo para enviar tarjetas,Junte-se a uma equipe para enviar cartas,Tham gia đội để gửi thẻ,"Присоединяйтесь к команде, чтобы отправлять карты",Bergabunglah dengan tim untuk mengirim kartu,เข้าร่วมทีมเพื่อส่งการ์ด,Rejoignez une équipe pour envoyer des cartes,انضم إلى فريق لإرسال البطاقات,कार्ड भेजने के लिए टीम में शामिल हों,Kart göndermek için bir takıma katılın
Join request already pending,Text,,Join request already pending,가입 요청이 이미 대기 중입니다,参加リクエストはすでに保留中です,Beitrittsanfrage bereits ausstehend,Solicitud de unión ya pendiente,Pedido de entrada já pendente,Yêu cầu tham gia đã chờ duyệt,Запрос на вступление уже ожидает,Permintaan bergabung sudah tertunda,คำขอเข้าร่วมรออนุมัติแล้ว,Demande d’adhésion déjà en attente,طلب الانضمام قيد الانتظار,जुड़ने का अनुरोध पहले से लंबित,Katılma isteği zaten beklemede
Join the race,Text,,Join the race,경주에 참여하세요,レースに参加しよう,Nimm am Rennen teil,Únete a la carrera,Participe da corrida,Tham gia cuộc đua,Присоединяйся к гонке,Bergabunglah dalam perlombaan,เข้าร่วมการแข่งขัน,Rejoins la course,انضم إلى السباق,दौड़ में शामिल हों,Yarışa katıl
Just Fun,Text,,Just Fun,재미만!,楽しさだけ,Nur Spaß,Solo diversión,Só diversão,Chỉ vui thôi,Просто веселье,Hanya Seru,มีแต่ความสนุก,Juste du fun,متعة فقط,सिर्फ मस्ती,Sadece Eğlence
Kaiseki,Text,,Kaiseki,가이세키,懐石,Kaiseki,Kaiseki,Kaiseki,Kaiseki,Кайсэки,Kaiseki,ไคเซกิ,Kaiseki,كाइसेकी,काइसेकी,Kaiseki
Kanom Tuay,Text,,Kanom Tuay,카놈투아이,カノムトゥアイ,Kanom Tuay,Kanom Tuay,Kanom Tuay,Bánh Kanom Tuay,Каном Туай,Kanom tuay,ขนมถ้วย,Kanom tuay,كانوم توياي,कानोम तुआय,Kanom Tuay
Katsu Bowls,Text,,Katsu Bowls,가츠 덮밥,カツ丼,Katsu-Schalen,Tazones de katsu,Tigelas de katsu,Cơm tô Katsu,Чаши кацу,Mangkok katsu,ข้าวหน้าคัตสึ,Bols de katsu,أطباق كاتسو,कटसू बाउल,Katsu Kaseleri
Keep optional ads,Text,,Keep optional ads,선택 광고 유지,任意の広告を保持,Optionale Werbung beibehalten,Mantener anuncios opcionales,Manter anúncios opcionais,Giữ quảng cáo tùy chọn,Оставить необязательную рекламу,Biarkan iklan opsional,คงโฆษณาแบบเลือกได้,Garder les pubs facultatives,الإبقاء على الإعلانات الاختيارية,वैकल्पिक विज्ञापन रखें,Opsiyonel reklamları açık tut
Keep playing to unlock!,Text,,Keep playing to unlock!,계속 플레이하여 잠금 해제!,遊び続けてアンロック！,"Weiterspielen, um freizuschalten!",¡Sigue jugando para desbloquear!,Continue jogando para desbloquear!,Tiếp tục chơi để mở khóa!,"Продолжай играть, чтобы разблокировать!",Terus bermain untuk membuka!,เล่นต่อเพื่อปลดล็อก!,Continue à jouer pour débloquer !,استمر باللعب لفتح!,खेलते रहो अनलॉक करने के लिए!,Kilidi açmak için oynamaya devam et!
Keep sorting to win level!,Text,,Keep sorting to win level!,계속 정리해서 레벨을 클리어하세요!,仕分けを続けてステージをクリアしよう！,Sortiere weiter,um das Level zu gewinnen!,¡Sigue ordenando para ganar el nivel!,Tiếp tục sắp xếp để qua màn!,"Продолжайте сортировку, чтобы пройти уровень!",Terus sortir untuk menang di level!,จัดต่อไปเพื่อชนะด่าน!,Continue de trier pour gagner le niveau !,واصل الفرز للفوز بالمرحلة!,लेवल जीतने के लिए सॉर्ट करते रहें!,Seviyeyi kazanmak için sıralamaya devam et!
Keep winning to earn extra time!,Text,,Keep winning to earn extra time!,계속 승리하여 추가 시간을 얻으세요!,勝ち続けて追加時間を獲得しよう！,"Gewinne weiter, um zusätzliche Zeit zu erhalten!",¡Sigue ganando para obtener tiempo extra!,Continue vencendo para ganhar tempo extra!,Tiếp tục chiến thắng để nhận thêm thời gian!,"Продолжайте побеждать, чтобы получить доп. время!",Terus menang untuk mendapat waktu ekstra!,ชนะต่อเนื่องเพื่อได้เวลาเพิ่ม!,Continue de gagner pour obtenir du temps en plus !,واصل الفوز لتحصل على وقت إضافي!,जीतते रहें और अतिरिक्त समय कमाएँ!,Ekstra süre kazanmak için kazanmaya devam et!
Keep your Treasure Quest!,Text,,Keep your Treasure Quest!,보물 퀘스트를 계속 진행하세요!,トレジャークエストを続けましょう！,Behalte deine Schatzsuche!,¡Mantén tu búsqueda del tesoro!,Continue sua Caça ao Tesouro!,Giữ cuộc phiêu lưu kho báu của bạn!,Продолжай свою охоту за сокровищами!,Lanjutkan Pencarian Harta Karunmu!,ดำเนินภารกิจล่าสมบัติของคุณต่อไป!,Continue ta chasse au trésor !,واصل مغامرتك في البحث عن الكنز!,अपनी ख़ज़ाने की खोज जारी रखें!,Hazine Görevi’ni sürdür!
Keep your Win Streak!,Text,,Keep your Win Streak!,연승을 유지하세요!,連勝を維持しよう！,Halte deine Siegesserie!,¡Mantén tu racha de victorias!,Mantenha sua sequência de vitórias!,Giữ chuỗi thắng của bạn!,Сохрани свою серию побед!,Pertahankan streak kemenanganmu!,รักษาชนะต่อเนื่องไว้!,Garde ta série de victoires !,حافظ على سلسلة انتصاراتك!,अपनी जीत की लड़ी बनाए रखो!,Kazanma Serini Koru!
Khao Sap,Text,,Khao Sap,카오쌉,カオサップ,Khao Sap,Khao Sap,Khao Sap,Cơm Khao Sap,Као Сап,Khao sap,ข้าวซับ,Khao sap,خاو ساب,खाओ सैप,Khao Sap
Kick,Text,,Kick,강퇴,キック,Rauswerfen,Expulsar,Expulsar,Đuổi,Выгнать,Tendang,เตะออก,Expulser,طرد,बाहर निकालना,At
Kick Out,Text,,Kick Out,강퇴하기,追放,Rauswerfen,Expulsar,Expulsar,Đuổi ra,Выгнать,Keluarkan,เตะออก,Expulser,طرد,बाहर निकालो,Takımdan At
Kimbap,Text,,Kimbap,김밥,キンパ,Kimbap,Kimbap,Kimbap,Cơm cuộn Hàn,Кимпаб,Kimbap,กิมบับ,Kimbap,كيمباب,किमबाप,Kimbap
Kimchi,Text,,Kimchi,김치,キムチ,Kimchi,Kimchi,Kimchi,Kim chi,Кимчи,Kimchi,กิมจิ,Kimchi,كيمتشي,किमची,Kimchi
King Crab,Text,,King Crab,킹크랩,タラバガニ,Königskrabbe,Cangrejo real,Caranguejo-real,Cua hoàng đế,Камчатский краб,Rajungan raja,ปูอลาสก้า,Crabe royal,ملك السلطعون,किंग क्रैब,Kral Yengeç
Kingdom,Text,,Kingdom,왕국,王国,Königreich,Reino,Reino,Vương Quốc,Королевство,Kerajaan,อาณาจักร,Royaume,مملكة,साम्राज्य,Krallık
Kitchen Mission,Text,,Kitchen Mission,주방 미션,キッチンミッション,Küchenmission,Misión de cocina,Missão da Cozinha,Nhiệm vụ Nhà bếp,Кухонная миссия,Misi Dapur,ภารกิจห้องครัว,Mission cuisine,مهمة المطبخ,रसोई मिशन,Mutfak Görevi
Kitchen Mission has ended. New Mission will start soon!,Text,,Kitchen Mission has ended. New Mission will start soon!,주방 미션이 종료되었습니다. 곧 새로운 미션이 시작됩니다!,キッチンミッションが終了しました。新しいミッションがまもなく始まります！,Die Küchenmission ist beendet. Eine neue Mission beginnt bald!,La misión de cocina ha terminado. ¡Una nueva misión comenzará pronto!,A Missão da Cozinha terminou. Uma nova missão começará em breve!,"Nhiệm vụ Nhà bếp đã kết thúc.
Nhiệm vụ mới sẽ sớm bắt đầu!",Кухонная миссия завершена. Новая миссия начнётся совсем скоро!,Misi Dapur telah berakhir. Misi baru akan segera dimulai!,ภารกิจห้องครัวสิ้นสุดแล้ว! ภารกิจใหม่จะเริ่มขึ้นในไม่ช้า!,La mission cuisine est terminée. Une nouvelle mission commencera bientôt !,لقد انتهت مهمة المطبخ. ستبدأ مهمة جديدة قريبًا!,रसोई मिशन समाप्त हो गया है। एक नया मिशन जल्द ही शुरू होगा!,Mutfak Görevi sona erdi. Yeni Görev yakında başlayacak!
Kitchen Mission has started. Beat levels on your first try before others. Complete missions and win amazing rewards!,Text,,Kitchen Mission {[value]} has started. Beat levels on your first try before others. Complete missions and win amazing rewards!,주방 미션 {[value]}이(가) 시작되었습니다. 다른 사람보다 먼저 한 번의 시도로 레벨을 클리어하세요. 미션을 완료하고 멋진 보상을 받으세요!,キッチンミッション{[value]}が始まりました。ほかの人より先に一発でレベルをクリアしましょう。ミッションを達成して素晴らしい報酬を手に入れよう！,"Die Küchenmission {[value]} hat begonnen. Bestehe die Level beim ersten Versuch, bevor andere es tun. Schließe Missionen ab und gewinne tolle Belohnungen!",La misión de cocina {[value]} ha comenzado. ¡Supera los niveles en tu primer intento antes que los demás! ¡Completa misiones y gana recompensas increíbles!,A Missão da Cozinha {[value]} começou. Vença os níveis na sua primeira tentativa antes dos outros. Complete as missões e ganhe recompensas incríveis!,Nhiệm vụ Nhà bếp {[value]} đã bắt đầu. Hãy vượt qua các màn chơi ngay trong lần thử đầu tiên trước người khác. Hoàn thành nhiệm vụ và nhận những phần thưởng tuyệt vời!,Кухонная миссия {[value]} началась. Пройди уровни с первой попытки раньше других. Выполняй миссии и получай потрясающие награды!,Misi Dapur {[value]} telah dimulai. Selesaikan level pada percobaan pertama sebelum pemain lain. Selesaikan misi dan menangkan hadiah luar biasa!,ภารกิจห้องครัว {[value]} เริ่มขึ้นแล้ว! ผ่านด่านให้ได้ตั้งแต่ครั้งแรกก่อนคนอื่น ทำภารกิจให้สำเร็จและรับรางวัลสุดพิเศษ!,La mission cuisine {[value]} a commencé. Termine les niveaux du premier coup avant les autres. Accomplis des missions et gagne des récompenses incroyables !,لقد بدأت مهمة المطبخ {[value]}. أكمِل المراحل من المحاولة الأولى قبل الآخرين. أكمِل المهام واربح مكافآت مذهلة!,रसोई मिशन {[value]} शुरू हो गया है। दूसरों से पहले पहली कोशिश में स्तर पार करें। मिशन पूरे करें और शानदार इनाम जीतें!,"Mutfak Görevi {[value]} başladı. Diğerlerinden önce seviyeleri ilk denemede geç, görevleri tamamla ve harika ödüller kazan!"
Kitchen Mission started!,Text,,Kitchen Mission started!,주방 미션이 시작되었습니다!,キッチンミッションが始まりました！,Die Küchenmission hat begonnen!,¡La misión de cocina ha comenzado!,A Missão da Cozinha começou!,Nhiệm vụ Nhà bếp đã bắt đầu!,Кухонная миссия началась!,Misi Dapur telah dimulai!,ภารกิจห้องครัวเริ่มขึ้นแล้ว!,La mission cuisine a commencé !,لقد بدأت مهمة المطبخ!,रसोई मिशन शुरू हो गया है!,Mutfak Görevi başladı!
Kitchen Mission value,Text,,Kitchen Mission {[value]},주방 미션 {[value]},キッチンミッション{[value]},Küchenmission {[value]},Misión de cocina {[value]},Missão da Cozinha {[value]},Nhiệm vụ Nhà bếp {[value]},Кухонная миссия {[value]},Misi Dapur {[value]},ภารกิจห้องครัว {[value]},Mission cuisine {[value]},مهمة المطبخ {[value]},रसोई मिशन {[value]},Mutfak Görevi {[value]}
Korean Dishes,Text,,Korean Dishes,한국 요리,韓国料理,Koreanische Gerichte,Platos coreanos,Pratos coreanos,Món Hàn,Корейские блюда,Hidangan Korea,อาหารเกาหลี,Plats coréens,أطباق كورية,कोरियाई व्यंजन,Kore Yemekleri
LUCKY SPIN,Text,,Lucky Spin!,럭키 스핀!,ラッキースピン!,Glücksdrehung!,Giro de suerte!,Giro da sorte!,VÒNG QUAY MAY MẮN!,Счастливое колесо!,Putaran Beruntung!,วงล้อเสี่ยงโชค!,Roue chanceuse !,دولاب الحظ!,लकी स्पिन!,Şanslı Çark!
Lamb Chop,Text,,Lamb Chop,양고기 찹,ラムチョップ,Lammkotelett,Chuleta de cordero,Costeleta de cordeiro,Sườn cừu,Отбивная из ягненка,Daging kambing cincang,ซี่โครงแกะ,Côtelette d'agneau,ضلع خروف,भेड़ का मांस,Kuzu Pirzola
Language,Text,,Language,언어,言語,Sprache,Idioma,Idioma,Ngôn ngữ,Язык,Bahasa,ภาษา,Langue,اللغة,भाषा,Dil
Leader,Text,,Leader,리더,リーダー,Anführer,Líder,Líder,Trưởng nhóm,Лидер,Pemimpin,หัวหน้า,Chef,قائد,नेता,Lider
Leaderboard,Text,,Leaderboard,리더보드,リーダーボード,Bestenliste,Clasificación,Classificação,Bảng xếp hạng,Таблица лидеров,Papan Peringkat,ตารางอันดับ,Classement,لوحة الصدارة,लीडरबोर्ड,Sıralama Tablosu
League,Text,,League,리그,リーグ,Liga,Liga,Liga,Giải đấu,Лига,Liga,ลีก,Ligue,الدوري,लीग,Lig
Leave,Text,,Leave,탈퇴,脱退,Verlassen,Salir,Sair,Rời,Покинуть,Keluar,ออกจาก,Quitter,مغادرة,छोड़ना,Ayrıl
Leave Team,Text,,Leave Team,팀 나가기,チームを抜ける,Team verlassen,Salir del equipo,Sair do time,Rời đội,Покинуть команду,Keluar tim,ออกจากทีม,Quitter l'équipe,غادر الفريق,टीम छोड़ें,Takımdan Ayrıl
Legendary Bundle,Text,,Legendary Bundle,전설 번들,伝説のバンドル,Legendäres Paket,Paquete legendario,Pacote Lendário,Gói Huyền Thoại,Легендарный набор,Paket Legendaris,ชุดตำนานสุดคุ้ม,Pack légendaire,حزمة أسطورية,लेजेंडरी बंडल,Efsanevi Paket
Leng Saap,Text,,Leng Saap,렝쌉,レンサープ,Leng Saap,Leng Saap,Leng Saap,Leng Saap,Ленг Саап,Leng saap,เล้งแซ่บ,Leng saap,لينغ ساب,लेंग सैप,Leng Saap
Less Offers!,Text,,Less Offers!,제안 줄이기!,オファーを減らす！,Weniger Angebote!,¡Menos ofertas!,Menos ofertas!,Ít ưu đãi hơn!,Меньше предложений!,Lebih sedikit penawaran!,ข้อเสนอน้อยลง!,Moins d’offres !,عروض أقل!,कम ऑफ़र!,Daha Az Teklif!
Let's see what Blow Torch can do!,Text,,Let's see what <color=#A4313C>Blow Torch</color> can do!,<color=#A4313C>가스토치</color>로 뭘 할 수 있는지 보자!,<color=#A4313C>バーナー</color>で何ができるか見てみよう！,"Mal sehen, was der <color=#A4313C>Gasbrenner</color> kann!",¡Veamos qué hace el <color=#A4313C>Soplete</color>!,Vamos ver o que o <color=#A4313C>Maçarico</color> faz!,Hãy xem <color=#A4313C>Khò Lửa</color> làm được gì nhé!,"Посмотрим, что делает <color=#A4313C>Газовая горелка</color>!",Mari lihat apa yang bisa <color=#A4313C>Lampu las</color> lakukan!,มาดูกันว่า <color=#A4313C>หัวพ่นไฟ</color> ทำอะไรได้บ้าง!,Voyons ce que peut faire le <color=#A4313C>Chalumeau</color> !,لنرَ ما الذي يمكن لـ<color=#A4313C>موقد لحام</color> فعله!,देखें <color=#A4313C>ब्लो टॉर्च</color> क्या कर सकता है!,<color=#A4313C>Üfleme Aleti neler yapabiliyor görelim!
Let's see what Freeze can do!,Text,,Let's see what <color=#A4313C>Freeze</color> can do!,<color=#A4313C>프리즈</color>가 뭘 할 수 있는지 보자!,<color=#A4313C>フリーズ</color>で何ができるか見てみよう！,"Mal sehen, was das <color=#A4313C>Einfrieren</color> kann!",¡Veamos qué hace <color=#A4313C>Congelar</color>!,Vamos ver o que o <color=#A4313C>Congelar</color> faz!,Hãy xem <color=#A4313C>Đóng Băng</color> làm được gì nhé!,"Посмотрим, что делает <color=#A4313C>Заморозка</color>!",Mari lihat apa yang bisa <color=#A4313C>Bekukan</color> lakukan!,มาดูกันว่า <color=#A4313C>แช่แข็ง</color> ทำอะไรได้บ้าง!,Voyons ce que peut faire le <color=#A4313C>Gel</color> !,لنرَ ما الذي يمكن لـ<color=#A4313C>تجميد</color> فعله!,देखें <color=#A4313C>फ्रीज़</color> क्या कर सकता है!,<color=#A4313C>Dondur neler yapabiliyor görelim!
Let's see what Magic Key can do!,Text,,Let's see what <color=#A4313C>Magic Key</color> can do!,<color=#A4313C>매직 키</color>가 뭘 할 수 있는지 보자!,<color=#A4313C>マジックキー</color>で何ができるか見てみよう！,"Mal sehen, was der <color=#A4313C>Magische Schlüssel</color> kann!",¡Veamos qué hace la <color=#A4313C>Llave mágica</color>!,Vamos ver o que a <color=#A4313C>Chave Mágica</color> faz!,Hãy xem <color=#A4313C>Chìa Ma Thuật</color> làm được gì nhé!,"Посмотрим, что делает <color=#A4313C>Волшебный ключ</color>!",Mari lihat apa yang bisa <color=#A4313C>Kunci Ajaib</color> lakukan!,มาดูกันว่า <color=#A4313C>กุญแจวิเศษ</color> ทำอะไรได้บ้าง!,Voyons ce que peut faire la <color=#A4313C>Clé magique</color> !,لنرَ ما الذي يمكن لـ<color=#A4313C>مفتاح سحري</color> فعله!,देखें <color=#A4313C>जादुई चाबी</color> क्या कर सकती है!,<color=#A4313C>Sihirli Anahtar neler yapabiliyor görelim!
Let's see what Shuffle can do!,Text,,Let's see what <color=#A4313C>Shuffle</color> can do!,<color=#A4313C>셔플</color>이 뭘 할 수 있는지 보자!,<color=#A4313C>シャッフル</color>で何ができるか見てみよう！,"Mal sehen, was das <color=#A4313C>Mischen</color> kann!",¡Veamos qué hace <color=#A4313C>Mezclar</color>!,Vamos ver o que o <color=#A4313C>Embaralhar</color> faz!,Hãy xem <color=#A4313C>Xáo trộn</color> làm được gì nhé!,"Посмотрим, что делает <color=#A4313C>Перемешать</color>!",Mari lihat apa yang bisa <color=#A4313C>Acak</color> lakukan!,มาดูกันว่า <color=#A4313C>สับเปลี่ยน</color> ทำอะไรได้บ้าง!,Voyons ce que peut faire <color=#A4313C>Mélanger</color> !,لنرَ ما الذي يمكن لـ<color=#A4313C>خلط</color> فعله!,देखें <color=#A4313C>शफ़ल</color> क्या कर सकता है!,<color=#A4313C>Karıştır neler yapabiliyor görelim!
Let's see what Spatula can do!,Text,,Let's see what <color=#A4313C>Spatula</color> can do!,<color=#A4313C>뒤집개</color>로 뭘 할 수 있는지 보자!,<color=#A4313C>ヘラ</color>で何ができるか見てみよう！,"Mal sehen, what der <color=#A4313C>Wender</color> kann!",¡Veamos qué hace la <color=#A4313C>Espátula</color>!,Vamos ver o que a <color=#A4313C>Espátula</color> faz!,Hãy xem <color=#A4313C>Xẻng nấu ăn</color> làm được gì nhé!,"Посмотрим, что делает <color=#A4313C>Лопатка</color>!",Mari lihat apa yang bisa <color=#A4313C>Spatula</color> lakukan!,มาดูกันว่า <color=#A4313C>ตะหลิว</color> ทำอะไรได้บ้าง!,Voyons ce que peut faire la <color=#A4313C>Spatule</color> !,لنرَ ما الذي يمكن لـ<color=#A4313C>ملعقة تقليب</color> فعله!,देखें <color=#A4313C>स्पैचुला</color> क्या कर सकता है!,<color=#A4313C>Spatula neler yapabiliyor görelim!
Level,Text,,Level {[LEVEL]},레벨 {[LEVEL]},レベル {[LEVEL]},Stufe {[LEVEL]},Nivel {[LEVEL]},Nível {[LEVEL]},Màn {[LEVEL]},Уровень {[LEVEL]},Level {[LEVEL]},ด่าน {[LEVEL]},Niveau {[LEVEL]},المستوى {[LEVEL]},लेवल {[LEVEL]},Seviye {[LEVEL]}
Level Chest,Text,,Level Chest,레벨 상자,レベルチェスト,Level-Truhe,Cofre de nivel,Baú de nível,Rương cấp độ,Сундук уровня,Peti Level,หีบด่าน,Coffre de niveau,صندوق المستوى,लेवल चेस्ट,Seviye Sandığı
Level Failed!,Text,,Level Failed!,레벨 실패!,レベル失敗！,Level fehlgeschlagen,Nivel fallido!,Falha na fase!,Thua rồi!,Уровень не пройден!,Level Gagal!,ด่านล้มเหลว!,Niveau échoué !,فشل المستوى!,लेवल फेल!,Seviye Başarısız!
Level no param,Text,,Level,레벨,レベル,Level,Nivel,Nível,Cấp độ,Уровень,Level,เลเวล,Niveau,المستوى,स्तर,Seviye
Levels,Text,,Levels,레벨,レベル,Level,Niveles,Níveis,Màn chơi,Уровни,Level,ด่าน,Niveaux,المستويات,स्तर,Seviyeler
Lidded Tray,Text,,Lidded Tray,뚜껑이 있는 쟁반,ふた付きトレイ,Tablett mit Deckel,Bandeja con tapa,Bandeja com tampa,Khay có nắp,Лоток с крышкой,Nampan Berpenutup,ถาดมีฝา,Plateau avec couvercle,صينية بغطاء,ढक्कन वाला ट्रे,Kapaklı Tepsi
Limited Bundle,Text,,Limited Bundle,한정 번들,限定バンドル,Limitiertes Paket,Paquete limitado,Pacote Limitado,Gói Giới Hạn,Ограниченный набор,Paket Terbatas,ชุดจำกัดเวลา,Pack limité,حزمة محدودة,लिमिटेड बंडल,Sınırlı Paket
Live Offer,Text,,Grill Flavor,그릴 풍미,グリルフレーバー,Grillgeschmack,Sabor a parrilla,Sabor de grelhado,Hương vị nướng,Вкус гриля,Rasa panggangan,รสชาติย่าง,Saveur grillée,نكهة الشواء,ग्रिल स्वाद,Izgara Aroması
Loading failed! Please retry later.,Text,,Loading failed! Please retry later.,로딩 실패! 나중에 다시 시도하세요.,ロード失敗！後でもう一度やり直してください。,Laden fehlgeschlagen! Bitte später erneut versuchen.,¡Carga fallida! Intenta de nuevo más tarde.,Falha no carregamento! Tente novamente mais tarde.,Tải thất bại! Vui lòng thử lại sau.,Загрузка не удалась! Повторите позже.,Gagal memuat! Coba lagi nanti.,โหลดล้มเหลว! กรุณาลองใหม่ภายหลัง,Échec du chargement ! Réessayez plus tard.,فشل التحميل! حاول مرة أخرى لاحقًا.,लोड विफल! कृपया बाद में पुनः प्रयास करें।,Yükleme başarısız! Lütfen daha sonra tekrar dene.
Loading...,Text,,Loading...,로딩 중...,読み込み中...,Wird geladen...,Cargando...,Carregando...,Đang tải...,Загрузка...,Memuat...,กำลังโหลด...,Chargement…,جارٍ التحميل...,लोड हो रहा है...,Yükleniyor...
Lobster,Text,,Lobster,바닷가재,ロブスター,Hummer,Langosta,Lagosta,Tôm hùm,Омaр,Lobster,กุ้งมังกร,Homard,كركند,लॉबस्टर,Istakoz
Local Restaurant,Text,,Local Restaurant,지역 식당,ローカルレストラン,Lokales Restaurant,Restaurante Local,Restaurante Local,Nhà hàng Địa phương,Местный ресторан,Restoran Lokal,ร้านอาหารท้องถิ่น,Restaurant Local,المطعم المحلي,स्थानीय रेस्तरां,Yerel Restoran
Lock & Key,Text,,Lock & Key,자물쇠와 열쇠,鍵と錠前,Schloss & Schlüssel,Cerradura y llave,Cadeado e chave,Ổ khóa & chìa khóa,Замок и ключ,Gembok & Kunci,กุญแจและแม่กุญแจ,Cadenas & clé,القفل والمفتاح,ताला और चाबी,Kilit ve Anahtar
Lock Ads,Text,,Lock Ads,광고 잠금,広告をロック,Werbung sperren,Bloquear anuncios,Bloquear anúncios,Khóa quảng cáo,Заблокировать рекламу,Kunci iklan,ล็อกโฆษณา,Bloquer les publicités,قفل الإعلانات,विज्ञापन लॉक करें,Reklamları Kilitle
Lock Tray,Text,,Lock Tray,잠긴 쟁반,ロックされたトレイ,Gesperrtes Fach,Bandeja bloqueada,Bandeja trancada,Khay bị khóa,Заблокировать лоток,Kunci Nampan,ล็อกถาด,Verrouiller le plateau,قفل الصينية,ट्रे लॉक करें,Tepsiyi Kilitle
Locked Tray,Text,,Locked Tray,잠긴 쟁반,ロックされたトレー,Gesperrtes Tablett,Bandeja bloqueada,Bandeja bloqueada,Khay bị khóa,Заблокированный лоток,Nampan Terkunci,ถาดถูกล็อก,Plateau verrouillé,صينية مقفلة,लॉक की गई ट्रे,Kilitli Tepsi
Longest Streak,Text,,Longest Streak,최장 연승,最長連勝,Längste Serie,Racha más larga,Maior Sequência,Chuỗi Thắng Dài Nhất,Самая длинная серия,Rangkaian Terpanjang,สตรีคยาวที่สุด,Plus longue série,أطول سلسلة,सबसे लंबी श्रृंखला,En Uzun Seri
Lose Offer,Text,,Lose Offer,혜택 놓침,特典を逃す,Angebot verpassen,Oferta perdida,Oferta perdida,Bỏ lỡ ưu đãi,Предложение после поражения,Penawaran Kalah,ข้อเสนอเมื่อแพ้,Offre en cas d’échec,عرض عند الخسارة,हारने पर ऑफ़र,Teklifi Kaybet
Macaron,Text,,Macaron,마카롱,マカロン,Macaron,Macaron,Macaron,Bánh macaron,Макарон,Makaron,มาการอง,Macaron,ماكرون,मैकरॉन,Makaron
Magic Key,Text,,Magic Key,매직 키,マジックキー,Magischer Schlüssel,Llave mágica,Chave mágica,Chìa khóa ma thuật,Волшебный ключ,Kunci Ajaib,กุญแจวิเศษ,Clé magique,مفتاح سحري,जादुई चाबी,Sihirli Anahtar
Magnet,Text,,Magnet,자석,マグネット,Magnet,Imán,Ímã,Nam châm,Магнит,Magnet,แม่เหล็ก,Aimant,مغناطيس,चुंबक,Mıknatıs
Maintain a streak,Text,,Maintain a streak,연승 유지,連勝を維持,Serie aufrechterhalten,Mantén la racha,Mantenha a sequência,Giữ vững chuỗi,Поддерживай серию,Pertahankan streak,รักษาสตรีค,Maintiens la série,حافظ على السلسلة,लड़ी बनाए रखें,Seriyi koru
Mandu,Text,,Mandu,만두,マンドゥ,Mandu,Mandu,Mandu,Bánh mandu,Манду,Mandu,มันดู,Mandu,ماندو,मंडु,Mandu
Mango,Text,,Mango,망고,マンゴー,Mango,Mango,Manga,Xoài,Манго,Mangga,มะม่วง,Mangue,مانجو,आम,Mango
Masterchef,Text,,Masterchef,마스터셰프,マスターシェフ,Meisterkoch,Maestro de cocina,Mestre-cuca,Siêu đầu bếp,Мастершеф,Masterchef,มาสเตอร์เชฟ,Masterchef,ماستر شيف,मास्टरशेफ,Usta Şef
Match 3 of the same skewers to finish the order!,Text,,Match 3 of the <color=red>same skewers</color> to finish the order!,<color=red>같은 꼬치 3개</color>를 매치하여 주문을 완료하세요!,<color=red>同じ串を3つ</color>揃えて注文を完成させよう！,"Bilde 3 <color=red>gleiche Spieße</color>, um die Bestellung abzuschließen!",¡Combina 3 <color=red>brochetas iguales</color> para completar el pedido!,Combine 3 <color=red>espetos iguais</color> para finalizar o pedido!,Ghép 3 <color=red>xiên giống nhau</color> để hoàn thành đơn hàng!,"Соедини 3 <color=red>одинаковые шампуры</color>, чтобы выполнить заказ!",Cocokkan 3 <color=red>sate yang sama</color> untuk menyelesaikan pesanan!,จับคู่<color=red>ไม้เสียบที่เหมือนกัน 3 อัน</color>เพื่อทำออเดอร์ให้เสร็จ!,Associez 3 <color=red>brochettes identiques</color> pour terminer la commande !,طابق <color=red>٣ أسياخ متشابهة</color> لإكمال الطلب!,एक ही <color=red>सींख के 3 टुकड़े</color> मिलाएं और ऑर्डर पूरा करें!,Siparişi tamamlamak için <color=red>aynı şişten 3 tanesini eşleştir!
Match items on a grill to clear it. Other grills will drop down.,Text,,Match items on a grill to clear it. Other grills will drop down.,그릴 위의 아이템을 매치하여 제거하세요. 다른 그릴이 내려옵니다.,グリル上のアイテムをマッチさせて消そう。他のグリルが落ちてくるよ。,"Kombiniere Gegenstände auf dem Grill, um ihn zu leeren. Andere Grills werden herunterfallen.",Combina objetos en una parrilla para limpiarla. Otras parrillas caerán.,Combine itens na grelha para limpá-la. Outras grelhas vão descer.,Ghép các món trên vỉ nướng để dọn sạch. Những vỉ khác sẽ rơi xuống.,"Совмести предметы на гриле, чтобы очистить его. Остальные грилы опустятся вниз.",Cocokkan item di atas panggangan untuk membersihkannya. Panggangan lain akan turun.,จับคู่ไอเท็มบนเตาย่างเพื่อเคลียร์มัน เตาย่างอื่นจะตกลงมา,Associe les objets sur un gril pour le nettoyer. Les autres grils descendront.,طابق العناصر على الشواية لتنظيفها. ستنخفض الشوايات الأخرى.,ग्रिल पर वस्तुओं को मिलाकर साफ़ करें। अन्य ग्रिल नीचे गिरेंगे।,Izgaradaki eşyaları eşleştirerek temizle. Diğer ızgaralar aşağı inecek.
Merge 3 items to continue,Text,,Merge 1 item to continue,계속하려면 아이템 1개를 합치세요,続けるにはアイテムを1つ合成してください,"Kombiniere 1 Objekte, um fortzufahren",Combina 1 objeto para continuar,Una 1 iten para continuar,Ghép 1 đồ ăn để tiếp tục,"Объедините 1 предмет, чтобы продолжить",Gabungkan 1 item untuk lanjut,รวม 1 ไอเท็มเพื่อดำเนินการต่อ,Fusionne 1 objet pour continuer,ادمج عنصرًا واحدًا للمتابعة,आगे बढ़ने के लिए 1 आइटम मर्ज करें,Devam etmek için 1 öğeyi birleştir
Message,Text,,Message,메시지,メッセージ,Nachricht,Mensaje,Mensagem,Tin nhắn,Сообщение,Pesan,ข้อความ,Message,رسالة,संदेश,Mesaj
Miang Kham,Text,,Miang Kham,미앙캄,ミアンカム,Miang Kham,Miang Kham,Miang Kham,Miang Kham,Мианг Кхам,Miang kham,เมี่ยงคำ,Miang kham,ميانغ خام,मियांग खाम,Miang Kham
Michelin Offer,Text,,Michelin Offer,미슐랭 오퍼,ミシュランオファー,Michelin-Angebot,Oferta Michelin,Oferta Michelin,Ưu đãi Michelin,Предложение Michelin,Penawaran Michelin,ข้อเสนอ Michelin,Offre Michelin,عرض ميشلان,मिशेलिन ऑफ़र,Michelin Teklifi
Michelin Offer Legend,Text,,Michelin Offer Legend,미슐랭 오퍼 레전드,ミシュランオファーレジェンド,Michelin-Angebot Legend,Oferta Michelin Legend,Oferta Michelin Lendária,Ưu đãi Michelin Huyền thoại,Легендарное предложение Michelin,Penawaran Michelin Legend,ข้อเสนอ Michelin ตำนาน,Offre Michelin Légende,عرض ميشلان الأسطوري,मिशेलिन ऑफ़र लीजेंड,Michelin Teklifi Efsane
Michelin Offer Max,Text,,Michelin Offer Max,미슐랭 오퍼 맥스,ミシュランオファーマックス,Michelin-Angebot Max,Oferta Michelin Max,Oferta Michelin Max,Ưu đãi Michelin Max,Предложение Michelin Max,Penawaran Michelin Max,ข้อเสนอ Michelin Max,Offre Michelin Max,عرض ميشلان ماكس,मिशेलिन ऑफ़र मैक्स,Michelin Teklifi Max
Michelin Offer Plus,Text,,Michelin Offer Plus,미슐랭 오퍼 플러스,ミシュランオファープラス,Michelin-Angebot Plus,Oferta Michelin Plus,Oferta Michelin Plus,Ưu đãi Michelin Plus,Предложение Michelin Plus,Penawaran Michelin Plus,ข้อเสนอ Michelin Plus,Offre Michelin Plus,عرض ميشلان بلس,मिशेलिन ऑफ़र प्लस,Michelin Teklifi Plus
Michelin Offer Pro,Text,,Michelin Offer Pro,미슐랭 오퍼 프로,ミシュランオファープロ,Michelin-Angebot Pro,Oferta Michelin Pro,Oferta Michelin Pro,Ưu đãi Michelin Pro,Предложение Michelin Pro,Penawaran Michelin Pro,ข้อเสนอ Michelin Pro,Offre Michelin Pro,عرض ميشلان برو,मिशेलिन ऑफ़र प्रो,Michelin Teklifi Pro
Milestone Challenge,Text,,Milestone Challenge,이정표 도전,マイルストーンチャレンジ,Meilenstein-Herausforderung,Desafío de hito,Desafio de marco,Thử thách cột mốc,Испытание-веха,Tantangan tonggak,ความท้าทายหลัก,Défi étape,تحدي إنجاز,माइलस्टोन चुनौती,Dönüm Noktası Görevi
Mini Bundle,Text,,Mini Bundle,미니 번들,ミニバンドル,Mini-Paket,Paquete mini,Pacote mini,Gói nhỏ,Мини‑набор,Paket Mini,มินิชุดสุดคุ้ม,Mini‑pack,हزمة صغيرة,मिनी बंडल,Mini Paket
Mini Oven,Text,,Mini Oven,미니 오븐,ミニオーブン,Mini-Ofen,Mini horno,Mini forno,Lò nướng mini,Мини-печь,Oven mini,เตาอบขนาดเล็ก,Mini-four,فرن صغير,मिनी ओवन,Mini Fırın
Mini Tray,Text,,Mini Tray,미니 쟁반,ミニトレー,Mini-Tablett,Bandeja mini,Bandeja mini,Khay mini,Мини‑лоток,Nampan Mini,ถาดมินิ,Mini‑plateau,صينية صغيرة,मिनी ट्रे,Mini Tepsi
Mini trays only hold one item,Text,,Mini trays only hold one item,미니 쟁반은 아이템 1개만 담을 수 있어요,ミニトレーには1つのアイテムしか置けません,Mini-Tabletts halten nur ein Objekt,Las bandejas mini solo guardan un objeto,As bandejas mini só armazenam um item,Khay mini chỉ chứa 1 món ăn,Мини‑лотки вмещают только один предмет,Nampan mini hanya menampung satu item,ถาดมินิใส่ได้เพียง 1 ไอเท็มเท่านั้น,Les mini‑plateaux ne contiennent qu’un seul objet,الصواني الصغيرة تحمل عنصرًا واحدًا فقط,मिनी ट्रे में केवल एक आइटम आता है,Mini tepsiler yalnızca bir öğe tutabilir
Miso Soup,Text,,Miso Soup,미소된장국,味噌汁,Misosuppe,Sopa de miso,Sopa de missô,Súp miso,Мисо-суп,Sup miso,ซุปมิโซะ,Soupe miso,حساء ميسو,मिसो सूप,Miso Çorbası
Missed Order,Text,,Missed Order,주문 놓침,注文失敗,Bestellung verpasst,Pedido fallido,Pedido falhado,Lỡ đơn,Пропущенный заказ,Pesanan Terlewat,ออเดอร์ที่พลาด,Commande manquée,طلب فائت,छूटा हुआ ऑर्डर,Kaçırılan Sipariş
Mission Boost,Text,,Mission Boost,미션 부스트,ミッションブースト,Missions-Boost,Impulso de misión,Impulso de Missão,Tăng tốc Nhiệm vụ,Усиление миссии,Peningkat Misi,บูสต์ภารกิจ,Boost de mission,تعزيز المهمة,मिशन बूस्ट,Görev Artışı
Mode Order,Text,,Mode Order,모드 주문,モードオーダー,Bestellmodus,Modo de pedido,Modo de Pedido,Chế độ Đơn hàng,Режим заказа,Mode Pesanan,โหมดออเดอร์,Mode commande,وضع الطلب,ऑर्डर मोड,Mod Sırası
More Booster,Text,,More Booster,부스터 더 받기,ブースターをもっと,Bekomme mehr Booster,Más potenciadores,Mais impulsos,Thêm Booster,Больше бустеров,Booster Tambahan,บูสเตอร์เพิ่มเติม,Plus de boosters,مزيد من المعززات,और बूस्टर,Daha Fazla Güçlendirici
More Ofers!,Text,,More Offers!,추가 제안!,さらにオファー!,Weitere Angebote!,¡Más ofertas!,Mais ofertas!,Nhiều Ưu Đãi Hơn!,Больше предложений!,Lebih Banyak Penawaran!,ข้อเสนอเพิ่มเติม!,Plus d’offres !,عروض أكثر!,और ऑफ़र!,Daha Fazla Teklif!
More Offers!,Text,,More offers!,추가 혜택!,さらにオファー！,Mehr Angebote!,¡Más ofertas!,Mais ofertas!,Thêm ưu đãi!,Больше предложений!,Lebih banyak penawaran!,ข้อเสนอเพิ่มเติม!,Plus d’offres !,عروض أكثر!,और ऑफ़र!,Daha fazla teklif!
More Plate!,Text,,More Plate!,추가 접시!,もっとお皿！,Mehr Teller!,¡Más platos!,Mais pratos!,Thêm đĩa!,Больше тарелок!,Tambah piring!,จานเพิ่ม!,Plus d’assiettes !,المزيد من الأطباق!,और प्लेट!,Daha Fazla Tabak!
More PreBooster,Text,,More PreBooster,추가 사전부스터,追加プリブースター,Mehr Vorverstärker,Más potenciadores previos,Mais pré-impulsionadores,Thêm sức mạnh,Ещё предбустеров,Lebih Banyak Pra‑Booster,พรีบูสเตอร์เพิ่ม,Plus de pré‑boosters,المزيد من المعززات المسبقة,और प्री‑बूस्टर,Daha Fazla Ön Güçlendirici
More Tray!,Text,,More Tray!,추가 쟁반!,もっとトレイ！,Mehr Tabletts!,¡Más bandejas!,Mais bandejas!,Thêm khay!,Больше подносов!,Tambah baki!,ถาดเพิ่ม!,Plus de plateaux !,المزيد من الصواني!,और ट्रे!,Daha Fazla Tepsi!
Mortar,Text,,Mortar,절구,乳鉢,Mörser,Mortero,Pilão,Cối giã,Ступка,Ulekan,ครก,Mortier,مدقة,ओखली,Havaneli
Music,Text,,Music,음악,音楽,Musik,Música,Música,Nhạc,Музыка,Musik,เพลง,Musique,الموسيقى,संगीत,Müzik
My Team,Text,,My Team,내 팀,マイチーム,Mein Team,Mi equipo,Meu time,Đội của tôi,Моя команда,Timku,ทีมของฉัน,Mon équipe,فريقي,मेरी टीम,Takımım
Name is required!,Text,,Name is required!,이름은 필수입니다!,名前が必要です！,Name ist erforderlich!,¡Se requiere nombre!,Nome é obrigatório!,Tên là bắt buộc!,Имя обязательно!,Nama diperlukan!,ต้องใส่ชื่อ!,Nom requis !,الاسم مطلوب!,नाम आवश्यक है!,İsim gerekli!
New,Text,,New,새로,新しい,Neu,Nuevo,Novo,Mới,Новый,Baru,ใหม่,Nouveau,جديد,नया,Yeni
New Story,Text,,New Story,새로운 이야기,新しい物語,Neue Geschichte,Nueva historia,Nova história,Câu chuyện mới,Новая история,Cerita Baru,เรื่องราวใหม่,Nouvelle histoire,قصة جديدة,नई कहानी,Yeni Hikaye
New game version available. Please update to enjoy it!,Text,,New game version available. Please update to enjoy it!,새로운 게임 버전이 있습니다. 즐기려면 업데이트하세요!,新しいゲームバージョンがあります。楽しむにはアップデートしてください！,"Neue Spielversion verfügbar. Bitte aktualisieren, um sie zu genießen!",Nueva versión del juego disponible. ¡Actualiza para disfrutarla!,Nova versão do jogo disponível. Atualize para aproveitá-la!,Có phiên bản mới. Vui lòng cập nhật để trải nghiệm tốt hơn!,"Доступна новая версия игры. Обновите, чтобы насладиться ею!",Versi game baru tersedia. Harap perbarui untuk menikmatinya!,มีเวอร์ชันเกมใหม่แล้ว อัปเดตเพื่อใช้งานได้เต็มที่!,Nouvelle version du jeu disponible. Merci de mettre à jour pour en profiter !,يتوفر إصدار جديد من اللعبة. يرجى التحديث للاستمتاع به!,गेम का नया संस्करण उपलब्ध है। कृपया अपडेट करें और आनंद लें!,Yeni oyun sürümü mevcut. Keyifle oynamak için güncelle!
New item unlocked!,Text,,New item unlocked!,새 아이템 잠금 해제!,新しいアイテムがアンロックされました！,Neues Item freigeschaltet!,¡Nuevo objeto desbloqueado!,Novo item desbloqueado!,Mở khóa vật phẩm mới!,Новый предмет разблокирован!,Item baru terbuka!,ปลดล็อกไอเท็มใหม่แล้ว!,Nouvel objet déverrouillé !,تم فتح عنصر جديد!,नया आइटम अनलॉक हुआ!,Yeni öğe açıldı!
New mechanic unlocked!,Text,,New mechanic unlocked!,새로운 메커닉 잠금 해제!,新しい仕組みがアンロックされました！,Neuer Mechanismus freigeschaltet!,¡Nueva mecánica desbloqueada!,Nova mecânica desbloqueada!,Cơ chế mới đã mở khóa!,Новый механизм разблокирован!,Mekanik baru terbuka!,ปลดล็อกกลไกใหม่!,Nouvelle mécanique débloquée !,آلية جديدة تم فتحها!,नया मैकेनिक अनलॉक हुआ!,Yeni mekanik açıldı!
Next live in:,Text,,Next life in:,다음 생명까지:,次のライフまで:,Nächstes Leben in:,Próxima vida en:,Próxima vida em:,Mạng tiếp theo sau:,Следующая жизнь через:,Nyawa berikutnya dalam:,ชีวิตถัดไปใน:,Prochaine vie dans :,الحياة التالية خلال:,अगली लाइफ:,Sonraki can:
Nightmarishly,Text,,Nightmarishly,악몽처럼,悪夢のように,Albtraumhaft,Pesadillesco,Pesadelo,Ác mộng,Кошмарно,Seperti mimpi buruk,เหมือนฝันร้าย,Cauchemardesque,,दुःस्वप्न जैसा,Kabus gibi
No,Text,,No,아니오,いいえ,Nein,No,Não,Không,Нет,Tidak,ไม่,Non,لا,नहीं,Hayır
No Ads,Text,,No Ads,광고 없음,広告なし,Keine Werbung,Sin anuncios,Sem anúncios,Không quảng cáo,Без рекламы,Tanpa Iklan,ไม่มีโฆษณา,Sans pub,بدون إعلانات,नो ऐड्स,Reklamsız
"No Ads, Free Coin",Text,,"No Ads, Free Coin","광고 없음, 무료 코인",広告なし、無料コイン,"Keine Werbung, Gratis-Münze","Sin anuncios, moneda gratis","Sem anúncios, moeda grátis","Không quảng cáo, xu miễn phí","Без рекламы, бесплатная монета","Tanpa iklan, koin gratis","ไม่มีโฆษณา, เหรียญฟรี","Sans pub, pièce gratuite",بدون إعلانات، عملة مجانية,"नो ऐड्स, फ्री कॉइन","Reklamsız, Ücretsiz Jeton"
"No Ads, Just Fun",Text,,"No Ads, Just Fun","광고 없음, 즐거움만 가득",広告なしで楽しもう,"Keine Werbung, nur Spaß","Sin anuncios, solo diversión","Sem anúncios, só diversão","Không quảng cáo, chỉ vui thôi","Без рекламы, только веселье","Tanpa Iklan, Hanya Seru",ไม่มีโฆษณา มีแต่ความสนุก,"Sans pub, que du fun",بدون إعلانات، متعة فقط,"नो ऐड्स, सिर्फ मस्ती","Reklam Yok, Sadece Eğlence"
No Team,Text,,No Team,팀 없음,チームなし,Kein Team,Sin equipo,Sem time,Không có đội,Нет команды,Tidak ada tim,ไม่มีทีม,Pas d'équipe,لا فريق,कोई टीम नहीं,Takım Yok
No ads just fun,Text,,"No Ads, Free Coin",광고 없이 즐거움만!,広告なしで楽しさだけ！,Keine Werbung,nur Spaß!,Sin anuncios,Không quảng cáo chỉ vui thôi,"Без рекламы, только веселье","Tanpa iklan, hanya сseru",ไม่มีโฆษณา มีแต่ความสนุก,"Sans pub, que du fun",بدون إعلانات، متعة فقط,"नो ऐड्स, सिर्फ मस्ती","Reklamsız, Ücretsiz Jeton"
No more lives left!,Text,,No more lives left!,남은 생명이 없습니다!,ライフが残っていません！,Keine Leben mehr übrig!,¡No quedan vidas!,Sem mais vidas!,Hết mạng rồi!,Жизней не осталось!,Nyawa sudah habis!,ไม่เหลือชีวิตแล้ว!,Plus de vies restantes !,لا مزيد من الأرواح!,अब और जीवन नहीं बचे!,Hiç can kalmadı!
No more spins! Come back tomorrow!,Text,,No more spins! Come back tomorrow!,더 이상 회전할 수 없습니다! 내일 다시 오세요!,もうスピンできません！また明日来てください！,Keine Drehungen mehr! Komm morgen wieder!,¡No hay más giros! ¡Vuelve mañana!,Sem mais giros! Volte amanhã!,Hết lượt quay! Quay lại vào ngày mai!,Больше нет вращений! Возвращайся завтра!,Putaran habis! Kembali besok!,หมุนหมดแล้ว! กลับมาพรุ่งนี้!,Plus de tours ! Reviens demain !,لا مزيد من الدورانات! عُد غدًا!,स्पिन ख़त्म! कल फिर आना!,Dönüş hakkı kalmadı! Yarın tekrar gel!
No video available!,Text,,No video available!,사용 가능한 동영상이 없습니다!,利用可能なビデオがありません！,Kein Video verfügbar!,¡No hay video disponible!,Nenhum vídeo disponível!,Không có video!,Видео недоступно!,Tidak ada video!,ไม่มีวิดีโอให้ดู!,Aucune vidéo disponible !,لا يوجد فيديو متاح!,वीडियो उपलब्ध नहीं है!,Video mevcut değil!
Not enough Energy!,Text,,Not enough Energy!,에너지가 부족합니다!,エネルギーが足りません！,Nicht genug Energie!,¡No hay suficiente energía!,Energia insuficiente!,Không đủ năng lượng!,Недостаточно энергии!,Energi tidak cukup!,พลังงานไม่เพียงพอ!,Pas assez d’énergie !,الطاقة غير كافية!,पर्याप्त ऊर्जा नहीं!,Yeterli enerji yok!
Not enough coin!,Text,,Not enough coin!,코인이 부족합니다!,コインが足りません！,Nicht genug Münzen!,¡No hay suficientes monedas!,Moedas insuficientes!,Không đủ xu!,Недостаточно монет!,Koin tidak cukup!,เหรียญไม่พอ!,Pas assez de pièces !,لا توجد عملات كافية!,सिक्के पर्याप्त नहीं हैं!,Yeterli jeton yok!
Not enough time! Skip to continue?,Text,,Not enough time? Skip to continue!,"시간이 부족한가요?
건너뛰고 계속하세요!","時間が足りない？
スキップして続けよう！","Nicht genug Zeit?
Überspringen, um fortzufahren!","¿No hay suficiente tiempo?
¡Omite para continuar!","Tempo insuficiente?
Pule para continuar!","Không đủ thời gian?
Bỏ qua để tiếp tục!","Не хватает времени?
Пропустите, чтобы продолжить!","Waktu tidak cukup?
Lewati untuk lanjut!","เวลาไม่พอ?
กดข้ามเพื่อเล่นต่อ!","Pas assez de temps ?
Passe pour continuer !","لا يكفي الوقت؟
تجاوز للمتابعة!","समय कम है?
जारी रखने के लिए स्किप करें!",Yeterli zaman yok mu? Devam etmek için atla!
Notification:,Text,,Notification:,알림:,通知:,Benachrichtigung:,Notificación:,Notificação:,Thông báo:,Уведомление:,Notifikasi:,การแจ้งเตือน:,Notification :,الإشعار:,सूचना:,Bildirim:
OctoChef,Text,,OctoChef,옥토셰프,オクトシェフ,OctoChef,OctoChef,OctoChef,OctoChef,ОктоШеф,OctoChef,ออคโตเชฟ,OctoChef,أوكتو شيف,ऑक्टोशेफ,OctoChef
Octochef,Text,,Octochef,옥토셰프,オクトシェフ,Octokoch,Octochef,Octochef,Octochef,Октоповар,Octochef,Octochef,Octochef,أوكتوشيف,ऑक्टोशेफ,OctoŞef
Octochef moves after each match and blocks the grill it lands on,Text,,Octochef moves after each match and blocks the grill it lands on,옥토셰프는 매번 매치 후 이동하며 착지한 그릴을 막습니다,オクトシェフはマッチのたびに移動し、着地したグリルをブロックします,"Octochef bewegt sich nach jedem Zug und blockiert den Grill, auf dem er landet",Octochef se mueve después de cada partida y bloquea la parrilla en la que cae,O Octochef se move após cada partida e bloqueia a grelha em que pousa,Octochef di chuyển sau mỗi lượt và chặn vỉ nướng mà nó đáp xuống,"Октоповар перемещается после каждого хода и блокирует гриль, на который он приземляется",Octochef bergerak setelah setiap permainan dan memblokir panggangan tempat ia mendarat,Octochef จะขยับหลังจากแต่ละแมตช์และปิดกั้นเตาย่างที่มันตกลง,Octochef se déplace après chaque partie et bloque le grill sur lequel il atterrit,يتحرك أوكتوشيف بعد كل مباراة ويغلق الشواية التي يحط عليها,ऑक्टोशेफ हर मैच के बाद चलता है और जिस ग्रिल पर उतरता है उसे ब्लॉक कर देता है,OctoŞef her eşleşmeden sonra hareket eder ve indiği ızgarayı engeller
Octochef!,Text,,Octochef!,옥토셰프!,オクトシェフ！,Octokoch!,¡Octochef!,Octochef!,Octochef!,Октоповар!,Octochef!,Octochef!,Octochef !,أوكتوشيف!,ऑक्टोशेफ!,OctoŞef!
Octopus,Text,,Octopus,문어,タコ,Oktopus,Pulpo,Polvo,Bạch tuộc,Осьминог,Gurita,หมึกยักษ์,Poulpe,أخطبوط,ऑक्टोपस,Ahtapot
Off,Text,,Off,끄기,オフ,Aus,Apagado,Desligado,Off,Выкл.,Nonaktif,ปิด,Désactivé,إيقاف,बंद,Kapalı
Oh Gift!,Text,,Oh Gift!,Oh Gift!,おお、ギフト！,Oh Geschenk!,¡Oh regalo!,Oh Presente!,"Ôi, quà!","О, подарок!",Oh Hadiah!,โอ้ ของขวัญ!,Oh Cadeau !,أوه هدية!,ओह तोहफ़ा!,Oh Hediye!
Omakase,Text,,Omakase,오마카세,お任せ,Omakase,Omakase,Omakase,Omakase,Омакасе,Omakase,โอมากาเสะ,Omakase,أوماकासे,ओमाकासे,Omakase
On,Text,,On,켜기,オン,An,Encendido,Ligado,Bật,Вкл.,Aktif,เปิด,Activé,تشغيل,चालू,Açık
"Once all pickup turns are used, the tray will be locked.",Text,,"Once all pickup turns are used, the tray will be locked.",모든 회수 횟수를 사용하면 쟁반이 잠깁니다.,すべての取得回数を使い切ると、トレイがロックされます。,"Sobald alle Aufnahmen verbraucht sind, wird das Fach gesperrt.","Una vez que se usen todos los turnos de recogida, la bandeja se bloqueará.","Quando todas as coletas forem usadas, a bandeja será trancada.","Hết lượt lấy đồ, khay sẽ bị khóa.","Когда все попытки подбора будут использованы, лоток будет заблокирован.","Saat semua giliran mengambil habis, nampan akan terkunci.",เมื่อใช้จำนวนครั้งในการหยิบหมดแล้ว ถาดจะถูกล็อก,"Une fois toutes les prises utilisées, le plateau sera verrouillé.",عند استهلاك كل مرات الالتقاط، سيتم قفل الصينية.,"जब सभी पिकअप टर्न इस्तेमाल हो जाएँगे, ट्रे लॉक हो जाएगी।",Tüm alma hakları kullanıldığında tepsi kilitlenecek.
"Only take items from this tray, not place items on it. Once all pickup turns are used, the tray will be locked.",Text,,"Only take items from this tray, not place items on it. Once all pickup turns are used, the tray will be locked.","이 쟁반에서만 아이템을 가져가고, 올려놓을 수 없습니다. 모든 회수를 사용하면 쟁반이 잠깁니다.",このトレイからのみアイテムを取り出し、置くことはできません。取得回数を使い切るとトレイがロックされます。,"Nur Gegenstände aus diesem Fach nehmen, nichts darauf legen. Sobald alle Aufnahmen verbraucht sind, wird das Fach gesperrt.","Solo toma objetos de esta bandeja, no coloques nada en ella. Una vez se usen todos los turnos, se bloqueará.","Pegue apenas itens desta bandeja, não coloque nada. Quando todas as coletas forem usadas, ela será trancada.","Chỉ được lấy đồ từ khay này, không được đặt đồ vào. Khi hết số lần lấy sẽ khóa.","Берите предметы только из этого лотка, не кладите в него. Когда все попытки подбора израсходованы, лоток будет заблокирован.","Hanya ambil item dari nampan ini, jangan menaruh item di atasnya. Saat semua giliran mengambil habis, nampan akan terkunci.",หยิบไอเท็มจากถาดนี้เท่านั้น ห้ามวางไอเท็มลง เมื่อใช้จำนวนครั้งในการหยิบหมดแล้ว ถาดจะถูกล็อก,"Prends des objets depuis ce plateau uniquement, n’y dépose rien. Une fois toutes les prises utilisées, le plateau sera verrouillé.",خذ العناصر من هذه الصينية فقط ولا تضع عليها شيئًا. عند استخدام كل مرات الالتقاط، سيتم قفل الصينية.,"आइटम केवल इस ट्रे से लें, इस पर रखें नहीं। सभी पिकअप टर्न खत्म होने पर ट्रे लॉक हो जाएगी।","Bu tepsiden sadece öğe al, üzerine yerleştirme. Tüm alma hakları kullanıldığında tepsi kilitlenecek."
Open,Text,,Open,공개,公開,Offen,Abierto,Aberto,Mở,Открытая,Terbuka,เปิด,Ouvert,مفتوح,खुला,Aç
Open a locked tray,Text,,Open a locked tray,잠긴 트레이 열기,ロックされたトレイを開く,Gesperrtes Tablett öffnen,Abre una bandeja bloqueada,Abra uma bandeja trancada,Mở khay bị khóa,Открыть заблокированный лоток,Buka nampan terkunci,เปิดถาดที่ล็อก,Ouvrir un plateau verrouillé,افتح صينية مقفلة,लॉक ट्रे खोलें,Kilitli bir tepsiyi aç
Open on weekend!,Text,,Open on weekend!,주말에 열려요!,週末にオープン！,Am Wochenende geöffnet!,¡Abierto el fin de semana!,Aberto no fim de semana!,Mở vào cuối tuần!,Открыто в выходные!,Buka di akhir pekan!,เปิดวันสุดสัปดาห์!,Ouvert le week-end !,مفتوح في عطلة نهاية الأسبوع!,सप्ताहांत में खुला!,Hafta sonu açık!
Or Watch ad to unlock!,Text,,Or Watch ad to unlock!,또는 광고를 시청하여 잠금 해제하세요!,または広告を見てアンロック！,"Oder sieh dir eine Werbung an, um sie freizuschalten!",¡O mira un anuncio para desbloquearlo!,Ou assista a um anúncio para desbloquear!,Hoặc xem quảng cáo để mở khóa!,"Или посмотри рекламу, чтобы разблокировать!",Atau tonton iklan untuk membuka kunci!,หรือดูโฆษณาเพื่อปลดล็อก!,Ou regarde une pub pour le déverrouiller !,أو شاهد إعلانًا لفتحه!,या विज्ञापन देखें और अनलॉक करें!,Ya da reklam izleyerek kilidi aç!
Or use 2 Fire Torch boosters to cook the OctoChef,Text,,Or use 2 Fire Torch boosters to cook the OctoChef,또는 불꽃 횃불 부스터 2개를 사용하여 옥토셰프를 요리하세요.,または、炎のトーチブースターを2個使ってオクトシェフを料理しよう。,"Oder benutze 2 Feuerfackel-Booster, um den OctoChef zu kochen.",O usa 2 potenciadores de Antorcha de Fuego para cocinar al OctoChef.,Ou use 2 reforços de Tocha de Fogo para cozinhar o OctoChef.,Hoặc dùng 2 booster Đuốc Lửa để nấu OctoChef.,"Или используй 2 усилителя «Огненный факел», чтобы приготовить ОктоШефа.",Atau gunakan 2 booster Obor Api untuk memasak OctoChef.,หรือใช้บูสเตอร์คบไฟ 2 อันเพื่อปรุง OctoChef,Ou utilise 2 boosters Torche de Feu pour cuisiner l’OctoChef.,,या 2 फायर टॉर्च बूस्टर का उपयोग करके ऑक्टोशेफ़ को पकाएँ।,OctoŞef'i pişirmek için 2 Ateş Meşalesi güçlendiricisi kullan
Orange Juice,Text,,Orange Juice,오렌지 주스,オレンジジュース,Orangensaft,Jugo de naranja,Suco de laranja,Nước cam,Апельсиновый сок,Jus jeruk,น้ำส้ม,Jus d'orange,عصير برتقال,संतरे का रस,Portakal Suyu
Orange_Outline_Shadow,Material,,HVD Fonts  MikadoBlack SDF Orange Outline Shadow,KO_JALNANGOTHICTTF SDF Orange Outline Shadow,JP_FUTEHODO-MARUGOTHIC SDF Orange Outline Shadow,HVD Fonts  MikadoBlack SDF Orange Outline Shadow,HVD Fonts  MikadoBlack SDF Orange Outline Shadow,HVD Fonts  MikadoBlack SDF Orange Outline Shadow,HVD Fonts  MikadoBlack SDF Orange Outline Shadow,movavi-grotesque Orange Outline Shadow,HVD Fonts  MikadoBlack SDF Orange Outline Shadow,NOTOSANSTHAI-EXTRABOLD SDF Orange Outline Shadow,HVD Fonts  MikadoBlack SDF Orange Outline Shadow,AligarhArabicFREEPERSONALUSE-Black SDF Orange Outline Shadow,BakbakOne-Regular SDF Orange Outline Shadow,NOTOSANSTHAI-EXTRABOLD SDF Orange Outline Shadow
Order Out Of Time,Text,,Order Out Of Time,시간 초과!,時間切れ！,Zeit abgelaufen!,¡Tiempo agotado!,Tempo esgotado!,Gọi món hết giờ!,Заказ — время вышло,Pesanan Kehabisan Waktu,ออเดอร์หมดเวลา,Commande hors délai,انتهى وقت الطلب,ऑर्डर का समय समाप्त,Süresi Dolan Sipariş
Order Target,Text,,Order Target,주문 목표,注文目標,Auftragsziel,Objetivo del pedido,Meta do pedido,Mục tiêu,Цель заказа,Target pesanan,เป้าหมายออเดอร์,Objectif de commande,هدف الطلب,ऑर्डर लक्ष्य,Sipariş Hedefi
Out Of Move,Text,,Out Of Move,이동 불가,移動できません,Keine Züge mehr,Sin más movimientos,Sem mais movimentos,Hết lượt di chuyển,Ходы закончились,Gerakan Habis,หมดการเดิน,Plus de mouvements,لا مزيد من الحركات,मूव ख़त्म,Hamle Kalmadı
Out Of Time!,Text,,Out Of Time!,시간 초과!,時間切れ！,Zeit abgelaufen!,¡Tiempo agotado!,Tempo esgotado!,Hết giờ!,Время вышло!,Waktu habis!,หมดเวลา!,Temps écoulé !,انتهى الوقت!,समय समाप्त!,Süre Doldu!
Out of time,Text,,Out of time!,시간 초과!,時間切れ!,Zeit abgelaufen!,Se acabó el tiempo!,Tempo esgotado!,Hết thời gian!,Время вышло!,Waktu habis!,หมดเวลา!,Temps écoulé !,انتهى الوقت!,समय समाप्त!,Süre doldu!
Oven Mitt,Text,,Oven Mitt,오븐 장갑,オーブンミット,Ofenhandschuh,Guante de horno,Luva de forno,Găng lò,Прихватка,Sarung tangan oven,ถุงมืออบ,Gant de four,قفاز فرن,ओवन मिट्ट,Fırın Eldiveni
Overcooked,Text,,Overcooked,과하게 익음,焼きすぎ！,Überkocht,¡Requemado!,Queimado!,Cháy rồi!,Пережарено!,Terlalu matang!,สุกเกินไป!,Trop cuit !,مطهوّ أكثر من اللازم!,ज़्यादा पका हुआ!,Aşırı pişmiş!
Oyster,Text,,Oyster,굴,牡蠣,Auster,Ostra,Ostra,Hàu,Устрица,Tiram,หอยนางรม,Huître,محار,सीप,İstiridye
Pad Thai,Text,,Pad Thai,팟타이,パッタイ,Pad Thai,Pad Thai,Pad Thai,Pad Thái,Пад Тай,Pad Thai,ผัดไทย,Pad thaï,باد تاي,पद थाई,Pad Thai
Peeler,Text,,Peeler,필러,ピーラー,Schäler,Pelador,Descascador,Dụng cụ gọt,Овощечистка,Pengupas,ที่ปอก,Éplucheur,مقشرة,छिलने वाला,Soyacak
Pending,Text,,Pending,대기 중,保留中,Ausstehend,Pendiente,Pendente,Đang chờ,В ожидании,Tertunda,รอดำเนินการ,En attente,قيد الانتظار,लंबित,Beklemede
Perfect!,Text,,Perfect!,완벽해!,パーフェクト！,Perfekt!,¡Perfecto!,Perfeito!,Hoàn hảo!,Идеально!,Sempurna!,เพอร์เฟกต์!,Parfait !,مثالي!,परफेक्ट!,Kusursuz!
Picnic Basket,Text,,Picnic Basket,피크닉 바구니,ピクニックバスケット,Picknickkorb,Cesta de picnic,Cesta de piquenique,Giỏ picnic,Корзина для пикника,Keranjang piknik,ตะกร้าปิกนิก,Panier pique-nique,سلة نزهة,पिकनिक टोकरी,Piknik Sepeti
Piggy bank,Text,,Piggy Bank,저금통,ちょきんばこ,Sparschwein,Alcancía,Cofrinho,Heo đất,Копилка,Celengan,กระปุกออมสิน,Tirelire,حصالة,गुल्लक,Kumbara
Pinata Party,Text,,Pinata Party,피냐타 파티,ピニャータパーティー,Piñata-Party,Fiesta de Piñata,Festa da Piñata,Tiệc Đập Kẹo,Вечеринка Пиньята,Pesta Piñata,ปาร์ตี้ปีญาตา,Fête de Piñata,حفلة البيناتا,पिनाटा पार्टी,Pinata Partisi
Pinata value,Text,,Pinata {[value]},피냐타 {[value]},ピニャータ{[value]},Piñata {[value]},Piñata {[value]},Piñata {[value]},Pinata {[value]},Пиньята {[value]},Piñata {[value]},ปีญาตา {[value]},Piñata {[value]},بينياتا {[value]},पिनाटा {[value]},Pinata {[value]}
Piping Bag,Text,,Piping Bag,짤주머니,絞り袋,Spritzbeutel,Manga pastelera,Saco de confeitar,Túi bắt kem,Кондитерский мешок,Kantong semprot,ถุงบีบ,Poche à douille,كيس تزيين,पाइपिंग बैग,Sıkma Torbası
Play,Text,,Play,플레이,プレイ,Spielen,Jugar,Jogar,Chơi,Играть,Main,เล่น,Jouer,العب,खेलें,Oyna
Play On,Text,,Play On,계속 플레이,続けてプレイ,Weiterspielen,Seguir jugando,Continuar jogando,Chơi tiếp,Играть дальше,Main Terus,เล่นต่อ,Continuer,تابع اللعب,खेलते रहें,Oynamaya Devam Et
Play minigame and collect Pumpkin,Text,,Play minigame and collect Pumpkin,미니게임을 플레이하고 호박을 모으세요,ミニゲームを遊んでカボチャを集めよう,Spiele Minispiele und sammle Kürbisse,Juega minijuegos y recoge calabazas,Jogue minijogos e colete abóboras,Chơi minigame và thu thập bí ngô,Играй в мини-игры и собирай тыквы,Mainkan minigame dan kumpulkan labu,เล่นมินิเกมและเก็บฟักทอง,Jouez à des mini-jeux et collectez des citrouilles,العب الألعاب الصغيرة واجمع القرع,मिनीगेम खेलें और कद्दू इकट्ठा करें,Mini oyunu oyna ve Balkabağı topla
Play minigame and collect pumpkin!,Text,,Play minigame and collect pumpkin!,미니게임을 플레이하고 호박을 모으세요!,ミニゲームを遊んでカボチャを集めよう！,Spiele ein Minispiel und sammle Kürbisse!,¡Juega minijuegos y recoge calabazas!,Jogue minijogos e colete abóboras!,Chơi minigame và thu thập bí ngô!,Играй в мини-игру и собирай тыквы!,Mainkan minigame dan kumpulkan labu!,เล่นมินิเกมและเก็บฟักทอง!,Jouez à un mini-jeu et collectez des citrouilles !,العب ميني جيم واجمع القرع!,मिनीगेम खेलें और कद्दू इकट्ठा करें!,Mini oyunu oyna ve balkabağı topla!
Play with,Text,,Play with,함께 플레이,と一緒に遊ぶ,Spielen mit,Jugar con,Jogar com,Chơi với,Играть с,Main dengan,เล่นกับ,Jouer avec,العب مع,के साथ खेलें,Şununla oyna
Players,Text,,Players,플레이어,プレイヤー,Spieler,Jugadores,Jogadores,Người chơi,Игроки,Pemain,ผู้เล่น,Joueurs,اللاعبون,खिलाड़ी,Oyuncular
Playing since,Text,,Playing since {[value]},{[value]}부터 플레이 중,{[value]}からプレイ中,Spielt seit {[value]},Jugando desde {[value]},Jogando desde {[value]},Chơi từ {[value]},Играет с {[value]},Bermain sejak {[value]},เล่นตั้งแต่ {[value]},Joue depuis {[value]},يلعب منذ {[value]},{[value]} से खेल रहे हैं,{[value]}’den beri oynuyor
Please connect to the internet for better experience!,Text,,Please connect to the internet for better experience!,더 나은 경험을 위해 인터넷에 연결해주세요,より良い体験のためにインターネットに接続してください,"Bitte stellen Sie eine Internetverbindung her, um ein besseres Erlebnis zu haben",Conéctate a internet para una mejor experiencia!,Conecte-se à internet para uma melhor experiência!,Kết nối Internet để trải nghiệm tốt hơn!,"Пожалуйста, подключитесь к интернету для лучшего опыта!",Harap sambungkan ke internet untuk pengalaman lebih baik!,โปรดเชื่อมต่ออินเทอร์เน็ตเพื่อประสบการณ์ที่ดีกว่า!,Connecte‑toi à Internet pour une meilleure expérience !,يرجى الاتصال بالإنترنت لتجربة أفضل!,बेहतर अनुभव के लिए इंटरनेट से कनेक्ट करें!,Daha iyi bir deneyim için internete bağlan!
Please give us your thoughts,Text,,Please give us your thoughts,의견을 알려주세요,ご意見をお聞かせください,Bitte teilen Sie uns Ihre Meinung mit,"Por favor, danos tu opinión","Por favor, dê-nos a sua opinião",Hãy cho chúng tôi biết ý kiến của bạn,"Пожалуйста, поделитесь мнением",Silakan beri pendapatmu,บอกความเห็นให้เราหน่อย,Donne‑nous ton avis,من فضلك أخبرنا برأيك,कृपया हमें अपने विचार बताइए,Düşüncelerini bizimle paylaş
Pool BBQ,Text,,Pool BBQ,수영장 바비큐,プールバーベキュー,Pool-Grillparty,Barbacoa en la piscina,Churrasco na piscina,Tiệc nướng hồ bơi,Барбекю у бассейна,BBQ Kolam Renang,บาร์บีคิวริมสระ,Barbecue à la piscine,شوّاء عند المسبح,पूल बीबीक्यू,Havuz Barbeküsü
Premium Bundle,Text,,Premium Bundle,프리미엄 번들,プレミアムバンドル,Premium-Paket,Paquete premium,Pacote Premium,Gói Cao Cấp,Премиум‑набор,Paket Premium,พรีเมียมบันเดิล,Pack premium,حزمة بريميوم,प्रीमियम बंडल,Premium Paket
Privacy Policy,Text,,Privacy Policy,개인정보 보호정책,プライバシーポリシー,Datenschutzrichtlinie,Política de privacidad,Política de Privacidade,Chính sách bảo mật,Политика конфиденциальности,Kebijakan Privasi,นโยบายความเป็นส่วนตัว,Politique de confidentialité,سياسة الخصوصية,गोपनीयता नीति,Gizlilik Politikası
Profile,Text,,Profile,프로필,プロフィール,Profil,Perfil,Perfil,Hồ sơ,Профиль,Profil,โปรไฟล์,Profil,الملف الشخصي,प्रोफ़ाइल,Profil
Promote,Text,,Promote,승급,昇格,Befördern,Ascender,Promover,Thăng chức,Повысить,Promosikan,เลื่อนขั้น,Promouvoir,ترقية,पदोन्नत,Terfi Ettir
Pumpkin Banquet,Text,,Pumpkin Banquet,호박 연회,パンプキンバンケット,Kürbis-Bankett,Banquete de calabazas,Banquete de abóboras,Tiệc bí ngô,Тыквенный банкет,Perjamuan Labu,งานเลี้ยงฟักทอง,Banquet de citrouilles,وليمة اليقطين,कद्दू दावत,Balkabağı Ziyafeti
Pumpkin Rush,Text,,Pumpkin Rush,호박 러시,パンプキンラッシュ,Kürbisrausch,Fiebre de calabaza,Corrida da abóbora,Cuộc đua bí ngô,Тыквенный забег,Lari Labu,วิ่งล่าฟักทอง,Course aux citrouilles,اندفاع اليقطين,कद्दू दौड़,Balkabağı Koşusu
Purchase Frosty Haul to unlock this feature for a limited time!,Text,,Purchase <color=#09DC00>Frosty Haul</color> to unlock this feature for a limited time!,<color=#09DC00>Frosty Haul</color>을 구매해 한시적으로 이 기능을 열어보세요!,<color=#09DC00>Frosty Haul</color>を購入して期間限定機能をアンロックしよう！,"Kaufe <color=#09DC00>Frosty Haul</color>, um dieses Feature für begrenzte Zeit freizuschalten!",¡Compra <color=#09DC00>Frosty Haul</color> para desbloquear esta función por tiempo limitado!,Compre o <color=#09DC00>Frosty Haul</color> para desbloquear este recurso por tempo limitado!,Mua <color=#09DC00>Frosty Haul</color> để mở tính năng này trong thời gian giới hạn!,"Купи <color=#09DC00>Frosty Haul</color>, чтобы открыть эту функцию на ограниченное время!",Beli <color=#09DC00>Frosty Haul</color> untuk membuka fitur ini dalam waktu terbatas!,ซื้อ <color=#09DC00>Frosty Haul</color> เพื่อปลดล็อกฟีเจอร์นี้แบบจำกัดเวลา!,Achète <color=#09DC00>Frosty Haul</color> pour débloquer cette fonctionnalité pour une durée limitée !,اشترِ <color=#09DC00>Frosty Haul</color> لفتح هذه الميزة لفترة محدودة!,<color=#09DC00>Frosty Haul</color> खरीदें और इस फीचर को सीमित समय के लिए अनलॉक करें!,<color=#09DC00>Frosty Haul</color> satın al ve bu özelliği sınırlı süreliğine aç!
Purple_Outline_Shadow,Material,,HVD Fonts  MikadoBlack SDF Purple Outline Shadow,KO_JALNANGOTHICTTF SDF Blue Outline Shadow,JP_FUTEHODO-MARUGOTHIC SDF Blue Outline Shadow,HVD Fonts  MikadoBlack SDF Purple Outline Shadow,HVD Fonts  MikadoBlack SDF Purple Outline Shadow,HVD Fonts  MikadoBlack SDF Purple Outline Shadow,HVD Fonts  MikadoBlack SDF Purple Outline Shadow,movavi-grotesque Purple Outline Shadow,HVD Fonts  MikadoBlack SDF Purple Outline Shadow,NOTOSANSTHAI-EXTRABOLD SDF Purple Outline Shadow,HVD Fonts  MikadoBlack SDF Purple Outline Shadow,AligarhArabicFREEPERSONALUSE-Black SDF Purple Outline Shadow,BakbakOne-Regular SDF Purple Outline Shadow,NOTOSANSTHAI-EXTRABOLD SDF Purple Outline Shadow
Quest Event,Text,,Quest Event,퀘스트 이벤트,クエストイベント,Quest-Ereignis,Evento de misión,Evento de missão,Sự kiện nhiệm vụ,Событие квеста,Event Misi,อีเวนต์ภารกิจ,Événement de quête,فعالية المهمة,क्वेस्ट इवेंट,Görev Etkinliği
Quit,Text,,Quit,나가기,終了,Beenden,Salir,Sair,Thoát,Выйти,Keluar,ออก,Quitter,خروج,बाहर निकलें,Çıkış
Quit Level,Text,,Quit Level,레벨 종료,レベルをやめる,Level verlassen,Salir del nivel,Sair do nível,Thoát màn,Выйти с уровня,Keluar Level,ออกจากด่าน,Quitter le niveau,الخروج من المرحلة,लेवल छोड़ें,Seviyeden Çık
REWARD!,Text,,Rewards!,보상!,報酬！,BELOHNUNG!,¡RECOMPENSA!,RECOMPENSA!,PHẦN THƯỞNG!,Награды!,Hadiah!,รางวัล!,Récompenses !,مكافآت!,रिवॉर्ड!,Ödüller!
Randomly block a Grill,Text,,Randomly block a Grill,무작위로 그릴을 막습니다,ランダムにグリルをブロック,Blockiere zufällig einen Grill,Bloquea una parrilla al azar,Bloqueie uma grelha aleatoriamente,Chặn ngẫu nhiên một vỉ nướng,Случайно блокирует гриль,Secara acak blokir panggangan,บล็อกเตาย่างแบบสุ่ม,Bloque un grill au hasard,قم بحظر الشواية عشوائيًا,ग्रिल को यादृच्छिक रूप से ब्लॉक करें,Rastgele bir ızgarayı engelle
Rate Us,Text,,Rate Us,평가하기,評価する,Bewerte uns,Califícanos,Avalie-nos,Đánh giá,Оцените нас,Nilai Kami,ให้คะแนนเรา,Note‑nous,قيّمنا,हमें रेट करें,Bizi Değerlendir
Reach Goals,Text,,Reach Goals,목표를 달성하세요,目標を達成しよう！,Ziele erreichen,¡Alcanza tus objetivos!,Alcance as metas,Đạt mục tiêu,Достигайте целей,Capai Target,ไปให้ถึงเป้าหมาย,Atteins des objectifs,تحقيق الأهداف,लक्ष्य हासिल करें,Hedeflere Ulaş
Reach limit today!,Text,,Reach limit today!,오늘 제한에 도달했습니다!,本日の上限に達しました！,Du hast heute das Limit erreicht!,¡Has alcanzado el límite de hoy!,Você atingiu o limite de hoje!,Bạn đã đạt giới hạn hôm nay!,Вы достигли лимита на сегодня!,Anda telah mencapai batas hari ini!,คุณถึงขีดจำกัดของวันนี้แล้ว!,Limite du jour atteint !,لقد وصلت إلى الحد المسموح به اليوم!,आप आज की सीमा तक पहुँच चुके हैं!,Bugün limitine ulaştınız!
Recieve 3000 coins,Text,,Recieve 1000 coins,코인 1000개 받기,コイン1000枚を受け取る,1000 Münzen erhalten,Recibir 1000 monedas,Receber 1000 moedas,Nhận 1000 xu,Получить 1000 монет,Terima 1000 koin,รับเหรียญ 1000 เหรียญ,Recevoir 1000 pièces,استلم 1000 عملة,1000 सिक्के प्राप्त करें,1000 jeton al
Red_Outline_Shadow,Material,,1FTV-VIP-Lilita-One Red Outline Shadow,KO_JALNANGOTHICTTF SDF Orange Outline Shadow,JP_FUTEHODO-MARUGOTHIC SDF Orange Outline Shadow,1FTV-VIP-Lilita-One Red Outline Shadow,1FTV-VIP-Lilita-One Red Outline Shadow,1FTV-VIP-Lilita-One Red Outline Shadow,1FTV-VIP-Lilita-One Red Outline Shadow,1FTV-VIP-Lilita-One Red Outline Shadow,1FTV-VIP-Lilita-One Red Outline Shadow,1FTV-VIP-Lilita-One Red Outline Shadow,1FTV-VIP-Lilita-One Red Outline Shadow,1FTV-VIP-Lilita-One Red Outline Shadow,1FTV-VIP-Lilita-One Red Outline Shadow,1FTV-VIP-Lilita-One Red Outline Shadow
Refill,Text,,Refill,리필,補充,Auffüllen,Recargar,Recarregar,Đầy mạng,Пополнить,Isi ulang,เติม,Recharger,شحن,रीफिल,Yeniden Doldur
Refreshing Drinks,Text,,Refreshing Drinks,상쾌한 음료,さわやかな飲み物,Erfrischende Getränke,Bebidas refrescantes,Bebidas refrescantes,Đồ uống mát lạnh,Освежающие напитки,Minuman menyegarkan,เครื่องดื่มสดชื่น,Boissons rafraîchissantes,مشروبات منعشة,ताज़ा पेय,Ferahlatıcı İçecekler
Remove ads,Text,,Remove Ads,광고 제거,広告を削除,Werbung Entfernen,Eliminar Anuncios,Remover Anúncios,Bỏ quảng cáo,Убрать Pекламу,Hapus Iklan,เอาโฆษณาออก,Retirer les pubs,إزالة الإعلانات,ऐड्स हटाएँ,Reklamları Kaldır
Remove banner ads,Text,,Remove banner ads,배너 광고 제거,バナー広告を削除,Bannerwerbung entfernen,Eliminar banners,Remover anúncios de banner,Bỏ quảng cáo banner,Убрать баннерную рекламу,Hapus iklan banner,เอาแบนเนอร์โฆษณาออก,Retirer les bannières pub,إزالة إعلانات البانر,बैनर ऐड्स हटाएँ,Afiş reklamlarını kaldır
Remove instructive ads,Text,,Remove instructive ads,안내 광고 제거,案内広告を削除,Anleitungsanzeigen entfernen,Eliminar anuncios instructivos,Remover anúncios instrutivos,Bỏ quảng cáo hướng dẫn,Убрать рекламные инструкции,Hapus iklan instruktif,เอาโฆษณาแบบสอนออก,Retirer les pubs instructives,إزالة الإعلانات الإرشادية,इंस्ट्रक्टिव ऐड्स हटाएँ,Öğretici reklamları kaldır
Remove intrusive ads,Text,,Remove intrusive ads,방해되는 광고 제거,邪魔な広告を削除,Aufdringliche Werbung entfernen,Eliminar anuncios intrusivos,Remover anúncios invasivos,Gỡ bỏ quảng cáo gây phiền,Удалить навязчивую рекламу,Hapus iklan yang mengganggu,ลบโฆษณาที่รบกวน,Supprimer les publicités intrusives,إزالة الإعلانات المزعجة,चुभने वाले विज्ञापन हटाएँ,Rahatsız edici reklamları kaldır
Replay,Text,,Replay,다시 하기,リプレイ,Wiederholen,Repetir,Repetir,Chơi lại,Переиграть,Main Ulang,เล่นซ้ำ,Rejouer,إعادة اللعب,फिर से खेलें,Yeniden Oyna
Request,Text,,Request,요청,リクエスト,Anfrage,Solicitud,Solicitação,Yêu cầu,Запрос,Permintaan,คำขอ,Demande,طلب,अनुरोध,İstek
Request is on cooldown. Please wait,Text,,Request is on cooldown. Please wait,요청이 쿨다운 상태입니다. 잠시만 기다려주세요.,リクエストはクールダウン中です。しばらくお待ちください。,Anfrage in Abklingzeit. Bitte warten.,"La solicitud está en enfriamiento. Por favor, espera.","A solicitação está em recarga. Aguarde, por favor.",Yêu cầu đang trong thời gian chờ. Vui lòng đợi.,"Запрос на перезарядке. Пожалуйста, подождите.",Permintaan sedang dalam masa jeda. Harap tunggu.,คำขอกำลังอยู่ในช่วงคูลดาวน์ โปรดรอสักครู่,La requête est en cours de recharge. Veuillez patienter.,الطلب في فترة التهدئة. يُرجى الانتظار.,अनुरोध कूलडाउन पर है। कृपया प्रतीक्षा करें।,İstek bekleme süresinde. Lütfen bekle
Request sent!,Text,,Request sent!,요청이 전송되었습니다!,リクエストを送信しました！,Anfrage gesendet!,¡Solicitud enviada!,Pedido enviado!,Yêu cầu đã được gửi!,Запрос отправлен!,Permintaan terkirim!,ส่งคำขอแล้ว!,Demande envoyée !,تم إرسال الطلب!,अनुरोध भेजा गया!,Istek gönderildi!
Required Level,Text,,Required Level,요구 레벨,必要レベル,Erforderliches Level,Nivel requerido,Nível necessário,Cấp độ yêu cầu,Требуемый уровень,Level diperlukan,เลเวลที่ต้องการ,Niveau requis,المستوى المطلوب,आवश्यक स्तर,Gerekli Seviye
Restore,Text,,Restore,복원하기,復元,Wiederherstellen,Restaurar,Restaurar,Khôi phục,Восстановить,Pulihkan,กู้คืน,Restaurer,استعادة,पुनर्स्थापित करें,Geri Yükle
Restore success!,Text,,Restore success!,복원 성공!,復元成功！,Wiederherstellung erfolgreich!,¡Restauración exitosa!,Restauração bem-sucedida!,Khôi phục thành công!,Восстановление успешно!,Pemulihan berhasil!,กู้คืนสำเร็จ!,Restauration réussie !,تمت الاستعادة بنجاح!,रीस्टोर सफल!,Başarıyla geri yüklendi!
Retry,Text,,Retry,재시도,再試行,Erneut versuchen,Intentar de nuevo,Tentar novamente,Thử lại,Повторить,Coba Lagi,ลองอีกครั้ง,Réessayer,أعد المحاولة,फिर कोशिश करें,Tekrar Dene
Revival Bundle,Text,,Revival Bundle,부활 번들,復活バンドル,Wiederbelebungspaket,Paquete de reactivación,Pacote de renascimento,Gói hồi sinh,Набор возрождения,Paket Kebangkitan,ชุดฟื้นคืน,Pack de réanimation,حزمة الإحياء,रिवाइवल बंडल,Diriliş Paketi
Revival Bundle Premium,Text,,Revival Bundle Premium,부활 프리미엄 번들,リバイバルプレミアムバンドル,Wiederbelebungs-Premium-Paket,Paquete de reanimación Premium,Pacote de Reviver Premium,Gói hồi sinh cao cấp,Премиум-набор Возрождения,Paket Premium Kebangkitan,แพ็คเกจพรีเมียมฟื้นคืนชีพ,Pack Premium de Réanimation,حزمة إحياء بريميوم,पुनर्जीवन प्रीमियम बंडल,Premium Diriliş Paketi
Revival Bundle Pro,Text,,Revival Bundle Pro,부활 프로 번들,リバイバルプロバンドル,Wiederbelebungs-Pro-Paket,Paquete de reanimación Pro,Pacote de Reviver Pro,Gói hồi sinh Pro,Про-набор Возрождения,Paket Pro Kebangkitan,แพ็คเกจโปรฟื้นคืนชีพ,Pack Pro de Réanimation,حزمة إحياء برو,पुनर्जीवन प्रो बंडल,Diriliş Paketi Pro
Revive Bundle,Text,,Revive Bundle,리바이브 번들,リバイブバンドル,Wiederbelebungspaket,Paquete de reanimación,Pacote de reviver,Gói hồi sinh,Пакет возрождения,Paket hidup kembali,ชุดฟื้นคืนชีพ,Pack de réanimation,حزمة الإحياء,पुनर्जीवन बंडल,Yeniden Canlanma Paketi
Revive Bundle Legend,Text,,Revive Bundle Legend,리바이브 번들 레전드,リバイブバンドルレジェンド,Wiederbelebungspaket Legende,Paquete de reanimación Leyenda,Pacote de reviver Lenda,Gói hồi sinh Huyền thoại,Пакет возрождения Легенда,Paket hidup kembali Legenda,ชุดฟื้นคืนชีพตำนาน,Pack de réanimation Légende,حزمة الإحياء الأسطورية,पुनर्जीवन बंडल लेजेंड,Efsanevi Yeniden Canlanma Paketi
Revive Bundle Max,Text,,Revive Bundle Max,리바이브 번들 맥스,リバイブバンドルマックス,Wiederbelebungspaket Max,Paquete de reanimación Max,Pacote de reviver Max,Gói hồi sinh Max,Пакет возрождения Макс,Paket hidup kembali Max,ชุดฟื้นคืนชีพ Max,Pack de réanimation Max,حزمة الإحياء ماكس,पुनर्जीवन बंडल मैक्स,Maksimum Yeniden Canlanma Paketi
Revive Bundle Plus,Text,,Revive Bundle Plus,리바이브 번들 플러스,リバイブバンドルプラス,Wiederbelebungspaket Plus,Paquete de reanimación Plus,Pacote de reviver Plus,Gói hồi sinh Plus,Пакет возрождения Плюс,Paket hidup kembali Plus,ชุดฟื้นคืนชีพ Plus,Pack de réanimation Plus,حزمة الإحياء بلس,पुनर्जीवन बंडल प्लस,Yeniden Canlanma Paketi Plus
Revive Bundle Pro,Text,,Revive Bundle Pro,리바이브 번들 프로,リバイブバンドルプロ,Wiederbelebungspaket Pro,Paquete de reanimación Pro,Pacote de reviver Pro,Gói hồi sinh Pro,Пакет возрождения Про,Paket hidup kembali Pro,ชุดฟื้นคืนชีพ Pro,Pack de réanimation Pro,حزمة الإحياء برو,पुनर्जीवन बंडल प्रो,Yeniden Canlanma Paketi Pro
Revive Bundle Sale,Text,,Revive Bundle Sale,부활 번들 세일,リバイブバンドルセール,Angebot für Wiederbelebungs-Bundle,¡Oferta del paquete Revive!,Oferta do pacote Revive,Giảm giá Gói Hồi Sinh,Распродажа пакета Возрождения,Penjualan Revive Bundle,ลดราคาชุดฟื้นคืนชีพ,Vente du pack Revive,عرض حزمة الإحياء,रिवाइव बंडल सेल,Revive Paketi İndirimi
Revive Bundle Super Sale,Text,,Revive Bundle Super Sale,부활 번들 초특가,リバイブバンドル超セール,Superverkauf für Wiederbelebungs-Bundle,¡Súper oferta del paquete Revive!,Super oferta do pacote Revive,Gói Hồi Sinh siêu giảm giá,Суперраспродажа пакета Возрождения,Penjualan Super Revive Bundle,ขายพิเศษชุดฟื้นคืนชีพ,Super vente du pack Revive,عرض سوبر لحزمة الإحياء,रिवाइव बंडल सुपर सेल,Revive Paketi Süper İndirim
Reward!,Text,,Reward!,보상!,報酬！,Belohnung!,¡Recompensa!,Recompensa!,Phần thưởng!,Награда!,Hadiah!,รางวัล!,Récompense !,المكافأة!,इनाम!,Ödül!
Safety Net Bundle,Text,,Safety Net Bundle,세이프티 넷 번들,セーフティネットバンドル,Sicherheitsnetz-Paket,Paquete red de seguridad,Pacote rede de segurança,Gói cứu trợ,Набор «Страховка»,Paket Jaring Pengaman,ชุดตาข่ายนิรภัย,Pack filet de sécurité,حزمة شبكة أمان,सेफ्टी नेट बंडल,Güvenlik Ağı Paketi
Salad,Text,,Salad,샐러드,サラダ,Salat,Ensalada,Salada,Salad,Салат,Salad,สลัด,Salade,سلطة,सलाद,Salata
Salmon,Text,,Salmon,연어,サーモン,Lachs,Salmón,Salmão,Cá hồi,Лосось,Salmon,ปลาแซลมอน,Saumon,سلمون,साल्मन,Somon
Satay,Text,,Satay,사테,サテ,Satay,Satay,Satay,Thịt xiên nướng Satay,Сате,Sate,สะเต๊ะ,Satay,ساتاي,साते,Satay
Save,Text,,Save,저장,保存,Speichern,Guardar,Salvar,Lưu,Сохранить,Simpan,บันทึก,Enregistrer,حفظ,सहेजें,Kaydet
Scallops,Text,,Scallops,가리비,ホタテ,Jakobsmuscheln,Vieiras,Vieiras,Sò điệp,Гребешки,Kerang kampak,หอยเชลล์,Coquilles Saint-Jacques,محار المروحة,स्कैलप्स,Deniz Tarağı
Score,Text,,Score,점수,スコア,Punkte,Puntuación,Pontuação,Điểm,Счёт,Skor,คะแนน,Score,النتيجة,स्कोर,Puan
Seafood,Text,,Seafood,해산물,シーフード,Meeresfrüchte,Mariscos,Frutos do mar,Hải sản,Морепродукты,Makanan laut,อาหารทะเล,Fruits de mer,مأكولات بحرية,समुद्री भोजन,Deniz Ürünleri
Search,Text,,Search,검색,検索,Suchen,Buscar,Pesquisar,Tìm kiếm,Поиск,Cari,ค้นหา,Rechercher,بحث,खोज,Ara
Secret items hide their color until sorted correctly,Text,,Secret items hide their color until sorted correctly,비밀 아이템은 올바르게 정렬될 때까지 색상이 숨겨집니다,シークレットアイテムは正しく仕分けるまで色が隠れています,"Geheime Gegenstände verbergen ihre Farbe, bis sie richtig sortiert sind",Los objetos secretos ocultan su color hasta que se ordenan correctamente,Os itens secretos ocultam sua cor até serem classificados corretamente,Vật phẩm bí mật sẽ ẩn màu cho tới khi sắp xếp đúng,"Секретные предметы скрывают цвет, пока их не отсортируют правильно",Item rahasia menyembunyikan warnanya sampai disortir dengan benar,ไอเท็มลับจะซ่อนสีไว้จนกว่าจะถูกจัดเรียงถูกต้อง,Les objets secrets cachent leur couleur tant qu’ils ne sont pas triés correctement,العناصر السرّية تُخفي لونها حتى يتم فرزها بشكل صحيح,गुप्त आइटम अपना रंग छिपाते हैं जब तक सही तरह से सॉर्ट न हों,Gizli eşyalar doğru sıralanana kadar renklerini gizler
Select Booster,Text,,Select Booster,부스터 선택,ブースターを選択,Booster auswählen,Seleccionar potenciador,Selecionar impulsionador,Chọn booster,Выберите бустер,Pilih Booster,เลือกบูสเตอร์,Sélectionne un booster,اختر المعزز,बूस्टर चुनें,Güçlendirici Seç
Select a grill to unlock with the Magic Key!,Text,,Select a grill to unlock with the Magic Key!,매직 키로 잠금 해제할 그릴을 선택하세요!,マジックキーで解除するグリルを選んでください！,"Wähle einen Grill, um ihn mit dem Zauberschlüssel zu entsperren!",¡Selecciona una parrilla para desbloquearla con la Llave Mágica!,Selecione uma grelha para desbloquear com a Chave Mágica!,Chọn bếp nướng đang khóa để mở bằng Chìa khóa ma thuật!,Выберите гриль для разблокировки Волшебным ключом!,Pilih panggangan untuk dibuka dengan Kunci Ajaib!,เลือกเตาย่างเพื่อปลดล็อกด้วยกุญแจวิเศษ!,Sélectionne un gril à déverrouiller avec la Clé magique !,اختر شواية لفتحها بالمفتاح السحري!,मैजिक की से अनलॉक करने के लिए एक ग्रिल चुनें!,Sihirli Anahtar ile açmak için bir ızgara seç!
Select any item to match,Text,,Select any item to match,매치할 아이템을 선택하세요,マッチするアイテムを選んでください,Wähle ein beliebiges Element zum Kombinieren,Selecciona cualquier objeto para emparejar,Selecione qualquer item para combinar,Chọn bất kỳ vật phẩm nào để ghép,Выберите любой предмет для совпадения,Pilih item apa pun untuk dicocokkan,เลือกไอเท็มใดก็ได้เพื่อจับคู่,Sélectionne n’importe quel objet à associer,اختر أي عنصر للمطابقة,मिलाने के लिए कोई भी आइटम चुनें,Eşleştirmek için herhangi bir öğe seç
Send,Text,,Send,보내기,送信,Senden,Enviar,Enviar,Gửi,Отправить,Kirim,ส่ง,Envoyer,إرسال,भेजें,Gönder
Send Card,Text,,Send Card,카드 보내기,カードを送る,Karte senden,Enviar tarjeta,Enviar carta,Gửi Thẻ,Отправить карту,Kirim Kartu,ส่งการ์ด,Envoyer une carte,إرسال بطاقة,कार्ड भेजें,Kart Gönder
Set Completed,Text,,Set Completed,세트 완료,セット完成,Set abgeschlossen,Colección completada,Conjunto concluído,Bộ sưu tập đã hoàn thành,Набор завершён,Set selesai,เซ็ตเสร็จสิ้น,Set complété,المجموعة اكتملت,सेट पूरा,Set Tamamlandı
Set Completed!,Text,,Set Completed!,세트 완료!,セット完成！,Set abgeschlossen!,¡Colección completada!,Conjunto concluído!,Hoàn thành bộ sưu tập!,Набор завершён!,Set selesai!,เซ็ตสมบูรณ์!,Set complété !,المجموعة اكتملت!,सेट पूरा!,Set Tamamlandı!
Sets Completed,Text,,Sets Completed,세트 완료,セット完了,Sets abgeschlossen,Conjuntos completados,Conjuntos Completos,Bộ Hoàn Thành,Наборы завершены,Set Selesai,เซ็ตครบแล้ว,Ensembles terminés,المجموعات المنتهية,सेट पूर्ण,Setler Tamamlandı
Shop,Text,,Shop,상점,ショップ,Shop,Tienda,Loja,Cửa hàng,Магазин,Toko,ร้านค้า,Boutique,المتجر,दुकान,Mağaza
Show your love by giving 5 stars!,Text,,Show your love by giving 5 stars!,5개 별로 사랑을 보여주세요!,5つ星で応援してね！,Zeig deine Liebe mit 5 Sternen!,¡Demuestra tu cariño con 5 estrellas!,Mostre seu carinho dando 5 estrelas!,Thể hiện sự ủng hộ bằng 5 sao nhé!,"Покажи свою поддержку, поставив 5 звёзд!",Tunjukkan dukunganmu dengan memberi 5 bintang!,แสดงความรักด้วยการให้ 5 ดาว!,Montre ton soutien en donnant 5 étoiles !,أظهر حبك بمنح 5 نجوم!,5 सितारे देकर अपना समर्थन दिखाएँ!,5 yıldız vererek desteğini göster!
Shrimp Noodle,Text,,Shrimp Noodle,새우 국수,エビヌードル,Garnelen-Nudeln,Fideos con camarones,Macarrão com camarão,Mì tôm,Лапша с креветками,Mi udang,ก๋วยเตี๋ยวกุ้ง,Nouilles aux crevettes,نودلز بالروبيان,झींगा नूडल्स,Karidesli Erişte
Shrimp and Spinach,Text,,Shrimp and Spinach,새우와 시금치,エビとほうれん草,Garnelen und Spinat,Camarón y espinaca,Camarão e espinafre,Tôm và rau bina,Креветки и шпинат,Udang dan bayam,กุ้งผักโขม,Crevettes et épinards,روبيان وسبانخ,झींगा और पालक,Karides ve Ispanak
Shuffle,Text,,Shuffle,섞기,シャッフル,Mischen,Barajar,Embaralhar,Xáo trộn,Перемешать,Acak,สับเปลี่ยน,Mélanger,خلط,शफ़ल,Karıştır
Shuffle all food,Text,,Shuffle all food,모든 음식을 섞기,すべての食べ物をシャッフル,Alle Lebensmittel mischen,Barajar toda la comida,Embaralhar todos os alimentos,Xáo trộn tất cả món ăn,Перемешать всю еду,Acak semua makanan,สับเปลี่ยนอาหารทั้งหมด,Mélanger tous les aliments,اخلط كل الطعام,सभी भोजन शफ़ल करें,Tüm yiyecekleri karıştır
Silver Team Offer,Text,,Silver Team Offer,실버 팀 오퍼,シルバーチームオファー,Silber-Team-Angebot,Oferta de equipo de plata,Oferta da Equipe Prata,Ưu đãi Đội Bạc,Предложение серебряной команды,Penawaran Tim Perak,ข้อเสนอทีมเงิน,Offre Équipe Argent,عرض الفريق الفضي,सिल्वर टीम ऑफ़र,Gümüş Takım Teklifi
Single Grill,Text,,Single Grill,Single Grill,Single Grill,Single Grill,Single Grill,Single Grill,Bếp đơn,Одинарный гриль,Grill Tunggal,เตาย่างเดี่ยว,Gril simple,شواية مفردة,सिंगल ग्रिल,Tek Izgara
Skip,Text,,Skip,건너뛰기,スキップ,Überspringen,Omitir,Pular,Bỏ qua,Пропустить,Lewati,ข้าม,Passer,تخطي,स्किप,Atla
Skip Order,Text,,Skip Order,건너뛰기,スキップ,Überspringen,Omitir,Pular,Bỏ qua,Пропустить заказ,Lewati Pesanan,ข้ามออเดอร์,Passer la commande,تخطي الطلب,ऑर्डर स्किप,Siparişi Atla
Skip the order to continue,Text,,Skip the order to continue,주문을 건너뛰고 계속 진행하세요,注文をスキップして続ける,"Bestellung überspringen, um fortzufahren",Omitir pedido para continuar,Pular o pedido para continuar,Bỏ qua đơn hàng để tiếp tục,"Пропустите заказ, чтобы продолжить",Lewati pesanan untuk lanjut,ข้ามออเดอร์เพื่อเล่นต่อ,Passe la commande pour continuer,تجاوز الطلب للمتابعة,जारी रखने के लिए ऑर्डर स्किप करें,Devam etmek için siparişi atla
Slide To Watch,Text,,Slide To Watch,슬라이드하여 시청하기,スライドして見る,Zum Ansehen wischen,Desliza para ver,Deslize para assistir,Trượt để xem,"Проведи, чтобы смотреть",Geser untuk menonton,ปัดเพื่อดู,Fais glisser pour regarder,اسحب للمشاهدة,देखने के लिए स्लाइड करें,İzlemek için kaydır
Smokin' Hot!,Text,,Smokin' Hot!,화끈하다!,激アツ！,Megaheiß!,¡Está ardiente!,Pegando fogo!,Rực lửa!,Жарко!,Panas membara!,ร้อนแรงสุดๆ!,Ça chauffe !,ساخن جداً!,बहुत गर्म!,Ateş Gibi!
Social,Text,,Leaderboard,Leaderboard,Leaderboard,Leaderboard,Leaderboard,Leaderboard,Bảng Xếp Hạng,Таблица лидеров,Papan Peringkat,ตารางอันดับ,Classement,لوحة الصدارة,लीडरबोर्ड,Sıralama Tablosu
Soda Can,Text,,Soda Can,소다 캔,ソーダ缶,Limonadendose,Lata de refresco,Lata de refrigerante,Lon soda,Банка содовой,Kaleng soda,กระป๋องโซดา,Canette de soda,علبة صودا,सोडा कैन,Kola Kutusu
Some customers REALLY love spicy dishes!!!,Text,,Some customers REALLY love spicy dishes!!!,어떤 손님들은 정말로 매운 음식을 좋아해요!!!,スパイシー料理が本当に大好きなお客さんもいるよ!!!,Manche Kunden LIEBEN scharfe Gerichte!!!,¡Algunos clientes REALMENTE aman los platos picantes!,Alguns clientes REALMENTE amam pratos apimentados!!!,Một số khách hàng RẤT thích món cay!!!,Некоторые клиенты ДЕЙСТВИТЕЛЬНО любят острые блюда!!!,Beberapa pelanggan SANGAT menyukai makanan pedas!!!,บางลูกค้าชอบอาหารเผ็ดมากจริงๆ!!!,Certains clients ADORENT vraiment les plats épicés !!!,بعض الزبائن يحبون الأطباق الحارة حقًا!!!,कुछ ग्राहक वाकई मसालेदार व्यंजन पसंद करते हैं!!!,Bazı müşteriler GERÇEKTEN baharatlı yemekleri çok seviyor!!!
Sort 7 same items onto one tray,Text,,Sort 7 same items onto one tray,같은 아이템 7개를 한 쟁반에 정리하세요,同じアイテムを7つ1つのトレイにまとめよう,Sortiere 7 gleiche Gegenstände auf ein Fach,Ordena 7 objetos iguales en una bandeja,Organize 7 itens iguais em uma bandeja,Sắp xếp 7 món ăn giống nhau vào 1 khay,Отсортируйте 7 одинаковых предметов на один лоток,Sortir 7 item yang sama ke satu nampan,จัด 7 ไอเท็มเหมือนกันลงในถาดเดียว,Trie 7 objets identiques sur un seul plateau,افرز 7 عناصر متطابقة على صينية واحدة,7 समान आइटम एक ही ट्रे पर सॉर्ट करें,Aynı türden 7 öğeyi tek bir tepsiye sırala
Sort by delivery orders to earn bonus coins,Text,,Sort by delivery orders to earn bonus coins,배달 순서대로 정렬하여 보너스 코인을 받으세요,配達順に並べてボーナスコインを獲得しよう,"Sortiere nach Lieferreihenfolge, um Bonusmünzen zu verdienen",Ordena por pedidos de entrega para ganar monedas extra,Organize por pedidos de entrega para ganhar moedas bônus,Sắp xếp theo đơn để nhận thêm xu,"Сортируй по заказам доставки, чтобы заработать бонус‑монеты",Sortir berdasarkan pesanan pengiriman untuk dapat koin bonus,จัดตามออเดอร์เดลิเวอรีเพื่อรับเหรียญโบนัส,Trie selon les commandes de livraison pour gagner des pièces bonus,افرز حسب طلبات التوصيل لكسب عملات إضافية,डिलिवरी ऑर्डर्स के अनुसार सॉर्ट करें और बोनस कॉइन कमाएँ,Teslimat siparişlerine göre sırala ve bonus jetonlar kazan
Sort item to collect 2 golden keys to unlock the locked tray!,Text,,Sort item to collect 2 golden keys to unlock the locked tray!,아이템을 정렬하여 황금 열쇠 2개를 모아 잠긴 트레이를 해제하세요!,アイテムを並べて黄金の鍵を2本集め、ロックされたトレイを解除しよう！,"Ordne die Items, um 2 goldene Schlüssel zu sammeln und das gesperrte Tablett zu entsperren!",¡Ordena los objetos para reunir 2 llaves doradas y desbloquear la bandeja bloqueada!,Organize os itens para coletar 2 chaves douradas e desbloquear a bandeja bloqueada!,Sắp xếp vật phẩm để thu thập 2 chìa khóa vàng và mở khóa khay đang bị khóa!,"Отсортируй предметы, чтобы собрать 2 золотых ключа и открыть заблокированный лоток!",Urutkan item untuk mengumpulkan 2 kunci emas dan membuka baki yang terkunci!,จัดเรียงไอเท็มเพื่อเก็บกุญแจทอง 2 ดอกเพื่อปลดล็อกถาดที่ล็อกไว้!,Trie les objets pour collecter 2 clés dorées et déverrouiller le plateau verrouillé !,رتّب العناصر لجمع مفتاحين ذهبيين لفتح الصينية المقفلة!,आइटम को सॉर्ट करें ताकि 2 सुनहरी चाबियाँ इकट्ठा कर लॉक्ड ट्रे अनलॉक करें!,Kilitli tepsiyi açmak için 2 altın anahtar topla!
Sort item to collect silver keys to unlock the locked tray!,Text,,Sort item to collect silver keys to unlock the locked tray!,아이템을 정렬하여 은색 열쇠를 모아 잠긴 트레이를 해제하세요!,アイテムを並べて銀の鍵を集め、ロックされたトレイを解除しよう！,"Ordne die Items, um silberne Schlüssel zu sammeln und das gesperrte Tablett zu entsperren!",¡Ordena los objetos para reunir llaves plateadas y desbloquear la bandeja bloqueada!,Organize os itens para coletar chaves prateadas e desbloquear a bandeja bloqueada!,Sắp xếp vật phẩm để thu thập các chìa khóa bạc và mở khóa khay đang bị khóa!,"Отсортируй предметы, чтобы собрать серебряные ключи и открыть заблокированный лоток!",Urutkan item untuk mengumpulkan kunci perak dan membuka baki yang terkunci!,จัดเรียงไอเท็มเพื่อเก็บกุญแจเงินเพื่อปลดล็อกถาดที่ล็อกไว้!,Trie les objets pour collecter des clés argentées et déverrouiller le plateau verrouillé !,رتّب العناصر لجمع مفاتيح فضية وفتح الصينية المقفلة!,आइटम को सॉर्ट करें ताकि चांदी की चाबियाँ इकट्ठा कर लॉक्ड ट्रे अनलॉक करें!,Kilitli tepsiyi açmak için gümüş anahtarları topla!
Sort items instantly!,Text,,Sort items instantly!,아이템을 즉시 정렬!,アイテムを即座に並べ替え！,Sortiere Gegenstände sofort!,¡Ordena los objetos al instante!,Organize os itens instantaneamente!,Sắp xếp vật phẩm ngay lập tức!,Мгновенно сортируйте предметы!,Sortir item seketika!,จัดไอเท็มทันที!,Trie les objets instantanément !,افرز العناصر فورًا!,आइटम तुरंत सॉर्ट करें!,Eşyaları anında sırala!
Sort items onto the RED SPICY tray to complete the order!,Text,,Sort items onto the RED SPICY tray to complete the order!,빨간 매운 트레이에 아이템을 정리하여 주문을 완료하세요!,赤いスパイシートレイにアイテムを並べて注文を完成させよう！,"Sortiere die Gegenstände auf das ROTE SCHARFE Tablett, um die Bestellung abzuschließen!",¡Ordena los objetos en la BANDEJA ROJA PICANTE para completar el pedido!,Organize os itens na BANDEJA VERMELHA PICANTE para completar o pedido!,Sắp xếp vật phẩm vào khay ĐỎ CAY để hoàn thành đơn hàng!,"Разложи предметы на КРАСНЫЙ ОСТРЫЙ поднос, чтобы выполнить заказ!",Susun item di NAMPAN MERAH PEDAS untuk menyelesaikan pesanan!,จัดเรียงไอเท็มบนถาดสีแดงเผ็ดเพื่อทำคำสั่งให้เสร็จสิ้น!,Trie les objets sur le PLATEAU ROUGE ÉPICÉ pour compléter la commande !,رتب العناصر على الصينية الحمراء الحارة لإكمال الطلب!,लाल मसालेदार ट्रे पर आइटम सजाकर ऑर्डर पूरा करें!,Siparişi tamamlamak için eşyaları KIRMIZI BAHARATLI tepsiye yerleştir!
Sort items or watch Ad to unlock the tray!,Text,,Sort items or watch Ad to unlock the tray!,아이템을 정리하거나 광고를 보고 쟁반을 잠금 해제하세요!,アイテムを整理するか広告を見てトレイをアンロック！,"Ordne Gegenstände oder sieh dir Werbung an, um das Fach freizuschalten!",Ordena objetos o mira un anuncio para desbloquear la bandeja!,Organize itens ou assista a um anúncio para destrancar a bandeja!,Sắp xếp hoặc xem quảng cáo để mở khay!,"Отсортируйте предметы или посмотрите рекламу, чтобы разблокировать лоток!",Sortir item atau tonton iklan untuk membuka nampan!,จัดไอเท็มหรือดูโฆษณาเพื่อปลดล็อกถาด!,Trie les objets ou regarde une pub pour déverrouiller le plateau !,افرز العناصر أو شاهد إعلانًا لفتح الصينية!,आइटम सॉर्ट करें या विज्ञापन देखें और ट्रे अनलॉक करें!,Tepsiyi açmak için eşyaları sırala veya reklam izle!
Sort items to break ice layers. You can move the items once all the ice is cleared.,Text,,Sort items to break ice layers. You can move the items once all the ice is cleared.,아이템을 정리하여 얼음을 깨세요. 얼음이 모두 사라지면 아이템을 움직일 수 있습니다.,アイテムを整理して氷の層を壊しましょう。氷が全て消えると、アイテムを動かせます。,"Ordne Gegenstände, um Eisschichten zu brechen. Sobald alles Eis weg ist, kannst du die Gegenstände bewegen.",Ordena objetos para romper el hielo. Podrás moverlos una vez que se derrita.,Organize itens para quebrar o gelo. Você poderá movê-los quando o gelo acabar.,Sắp xếp để phá lớp băng. Có thể di chuyển khi băng tan.,"Сортируйте предметы, чтобы разбить слои льда. Вы сможете двигать их, когда весь лёд растает.",Sortir item untuk memecah lapisan es. Kamu bisa memindahkan item setelah semua es hilang.,จัดไอเท็มเพื่อทำลายน้ำแข็ง คุณจะขยับได้เมื่อชั้นน้ำแข็งหายหมด,Trie les objets pour briser la glace. Tu pourras les déplacer une fois toute la glace fondue.,افرز العناصر لكسر طبقات الجليد. يمكنك تحريكها بعد إزالة الجليد بالكامل.,आइटम सॉर्ट करके बर्फ की परतें तोड़ें। सारी बर्फ साफ होने पर आप उन्हें हिला पाएँगे।,Buz katmanlarını kırmak için eşyaları sırala. Bütün buzlar temizlendiğinde öğeleri hareket ettirebilirsin.
Sort items to break the chains on the locked tray,Text,,Sort items to break the chains on the locked tray,아이템을 정렬하여 잠긴 쟁반의 사슬을 끊으세요,アイテムを仕分けてロックされたトレーの鎖を壊そう,"Sortiere die Gegenstände, um die Ketten auf dem gesperrten Tablett zu lösen",Ordena los objetos para romper las cadenas de la bandeja bloqueada,Organize os itens para quebrar as correntes da bandeja bloqueada,Sắp xếp để phá khóa xích trên khay,"Сортируйте предметы, чтобы сломать цепи на заблокированном лотке",Sortir item untuk memutus rantai pada nampan terkunci,จัดไอเท็มเพื่อทำลายโซ่บนถาดที่ล็อก,Trie les objets pour briser les chaînes du plateau verrouillé,افرز العناصر لكسر السلاسل على الصينية المقفلة,लॉक ट्रे की जंजीरें तोड़ने के लिए आइटम सॉर्ट करें,Kilitli tepsideki zincirleri kırmak için eşyaları sırala
Sort items to unlock the tray!,Text,,Sort items to unlock the tray!,아이템을 정리하여 트레이를 잠금 해제하세요!,アイテムを並べてトレイをアンロックしよう！,"Sortiere die Gegenstände, um das Tablett freizuschalten!",Ordena los objetos para desbloquear la bandeja!,Organize os itens para desbloquear a bandeja!,Sắp xếp các vật phẩm để mở khay!,"Разбери предметы, чтобы открыть поднос!",Urutkan item untuk membuka baki!,จัดเรียงไอเท็มเพื่อปลดล็อกถาด!,Trie les objets pour déverrouiller le plateau !,رتّب العناصر لفتح الصينية!,वस्तुओं को व्यवस्थित करें ताकि ट्रे अनलॉक हो जाए!,Eşyaları sıralayarak tepsinin kilidini aç!
Sort the bomb-tagged item within the number of moves shown on the bomb.,Text,,Sort the bomb-tagged item within the number of moves shown on the bomb.,폭탄에 표시된 이동 횟수 안에 폭탄 태그 아이템을 정리하세요.,爆弾に表示された手数以内に爆弾タグ付きアイテムを整理しましょう。,Sortiere den markierten Gegenstand in der angegebenen Zuganzahl der Bombe.,Ordena el objeto con etiqueta de bomba antes del límite de movimientos.,Organize o item marcado pela bomba dentro do limite de movimentos.,Sắp xếp món ăn có thẻ bom trước số lượt cho phép,Отсортируйте предмет с меткой бомбы за указанное на бомбе количество ходов.,Sortir item bertanda bom dalam jumlah langkah yang ditunjukkan pada bom.,จัดไอเท็มที่มีป้ายระเบิดภายในจำนวนครั้งที่กำหนดบนระเบิด,Trie l’objet marqué « bombe » dans le nombre de coups indiqué sur la bombe.,افرز العنصر الموسوم بالقنبلة ضمن عدد الحركات المعروض على القنبلة.,बम-टैग लगे आइटम को बम पर दिखाए गए चालों के भीतर सॉर्ट करें।,Bombadaki hamle sayısı içinde işaretli öğeyi sırala.
Sort the correct items shown on the lid to unlock this tray!,Text,,Sort the correct items shown on the lid to unlock this tray!,뚜껑에 표시된 올바른 아이템을 정리하여 쟁반을 잠금 해제하세요!,ふたに表示された正しいアイテムを整理してトレイをアンロック！,Ordne die auf dem Deckel gezeigten Gegenstände,um das Fach zu öffnen!,Ordena los objetos correctos mostrados en la tapa para desbloquear la bandeja!,Sắp xếp món ăn trên nắp để mở khay!,"Отсортируйте правильные предметы, показанные на крышке, чтобы разблокировать этот лоток!",Sortir item yang benar seperti yang ditunjukkan di tutup untuk membuka nampan ini!,จัดไอเท็มให้ตรงตามที่แสดงบนฝาเพื่อปลดล็อกถาดนี้!,Trie les bons objets indiqués sur le couvercle pour déverrouiller ce plateau !,افرز العناصر الصحيحة الموضحة على الغطاء لفتح هذه الصينية!,ढक्कन पर दिखाए गए सही आइटम सॉर्ट करें और यह ट्रे अनलॉक करें!,Bu tepsiyi açmak için kapakta gösterilen doğru eşyaları sırala!
Sort the items with matching key to unlock the locked area!,Text,,Sort the items with matching key to unlock the locked area!,일치하는 열쇠로 아이템을 정리하여 잠긴 구역을 열어보세요!,鍵と一致するアイテムを並べてロックされたエリアを解除しよう！,"Sortiere die Gegenstände mit dem passenden Schlüssel, um den gesperrten Bereich zu öffnen!",¡Ordena los objetos con la llave correspondiente para desbloquear el área bloqueada!,Organize os itens com a chave correspondente para desbloquear a área trancada!,Sắp xếp các vật phẩm có chìa khóa phù hợp để mở khu vực bị khóa!,"Отсортируй предметы с подходящим ключом, чтобы открыть заблокированную область!",Urutkan item dengan kunci yang cocok untuk membuka area terkunci!,จัดเรียงไอเท็มที่มีกุญแจตรงกันเพื่อปลดล็อกพื้นที่ที่ถูกล็อค!,Trie les objets avec la clé correspondante pour déverrouiller la zone verrouillée !,رتب العناصر بالمفتاح المطابق لفتح المنطقة المقفلة!,मिलान वाली चाबी से वस्तुओं को क्रमबद्ध करें ताकि बंद क्षेत्र खुल जाए!,Eşleşen anahtarla öğeleri sırala ve kilitli alanı aç!
Sort the items with matching key to unlock the locked tray!,Text,,Sort the items with matching key to unlock the locked tray!,일치하는 열쇠가 있는 아이템을 정리하여 잠긴 쟁반을 잠금 해제하세요!,一致する鍵を持つアイテムを整理してロックされたトレイをアンロック！,"Ordne die passenden Schlüsselgegenstände, um das gesperrte Fach zu öffnen!",Ordena los objetos con llave correspondiente para desbloquear la bandeja!,Organize os itens com chave correspondente para destrancar a bandeja!,Sắp xếp món ăn có chìa khóa trùng để mở khay bị khóa!,"Отсортируйте предметы с подходящим ключом, чтобы открыть заблокированный лоток!",Sortir item dengan kunci yang cocok untuk membuka nampan terkunci!,จัดไอเท็มด้วยกุญแจที่ตรงกันเพื่อปลดล็อกถาดที่ล็อก!,Trie les objets avec la clé correspondante pour ouvrir le plateau verrouillé !,افرز العناصر بالمفتاح المطابق لفتح الصينية المقفلة!,मिलती‑जुलती चाबी वाले आइटम सॉर्ट करें और लॉक ट्रे खोलें!,Kilitli tepsiyi açmak için eşleşen anahtarlı eşyaları sırala!
Sound,Text,,Sound,소리,音,Ton,Audio,Som,Âm,Звук,Suara,เสียง,Son,صوت,ध्वनि,Ses
Soy Sauce,Text,,Soy Sauce,간장,醤油,Sojasauce,Salsa de soja,Molho de soja,Nước tương,Соевый соус,Kecap asin,ซอสถั่วเหลือง,Sauce soja,صلصة الصويا,सोया सॉस,Soya Sosu
Spatula,Text,,Spatula,주걱,フライ返し,Pfannenwender,Espátula,Espátula,Xẻng nấu ăn,Лопатка,Spatula,ตะหลิว,Spatule,ملعقة تقليب,स्पैचुला,Spatula
Special Mode,Text,,Special Mode,스페셜 모드,スペシャルモード,Spezialmodus,Modo especial,Modo especial,Chế độ đặc biệt,Особый режим,Mode Spesial,โหมดพิเศษ,Mode spécial,الوضع الخاص,स्पेशल मोड,Özel Mod
Special rewards,Text,,Special rewards,특별 보상,特別な報酬,Spezielle Belohnungen,Recompensas especiales,Recompensas especiais,Phần thưởng đặc biệt,Особые награды,Hadiah spesial,รางวัลพิเศษ,Récompenses spéciales,مكافآت خاصة,विशेष इनाम,Özel ödüller
Speed Up,Text,,Speed Up,속도 증가,スピードアップ,Beschleunigen,Acelerar,Acelerar,Tăng tốc,Ускорить,Percepat,เร่งความเร็ว,Accélérer,تسريع,तेज़ करें,Hızlandır
Spicy Noodle,Text,,Spicy Noodle,매운 국수,辛いラーメン,Scharfe Nudeln,Fideos picantes,Macarrão picante,Mì cay,Острые лапша,Mi pedas,ก๋วยเตี๋ยวเผ็ด,Nouilles épicées,نودلز حارة,मसालेदार नूडल्स,Acılı Erişte
Spicy Tray,Text,,Spicy Tray,매운 트레이,スパイシートレイ,Scharfe Ablage,Bandeja picante,Bandeja apimentada,Khay cay,Острая поднос,Nampan pedas,ถาดเผ็ด,Plateau épicé,صينية حارة,मसालेदार ट्रे,Baharatlı Tepsi
Spin,Text,,Spin,회전,スピン,Drehen,Giro,Girar,Quay,Крутить,Putar,หมุน,Tourner,لفّ,स्पिन,Çevir
Spin and win a surprise discount!,Text,,Spin and win a surprise discount!,돌려서 깜짝 할인을 받아보세요!,回してサプライズ割引をゲットしよう！,Drehe und gewinne einen Überraschungsrabatt!,¡Gira y gana un descuento sorpresa!,Gire e ganhe um desconto surpresa!,Quay để nhận giảm giá bất ngờ!,Крути и выиграй сюрпризную скидку!,Putar dan menangkan diskon kejutan!,หมุนวงล้อเพื่อรับส่วนลดสุดเซอร์ไพรส์!,Fais tourner et gagne une réduction surprise !,لف واربح خصمًا مفاجئًا!,घुमाओ और सरप्राइज छूट पाओ!,Çevir ve sürpriz indirim kazan!
Spin the roulette 3 times to get a Special Gift.,Text,,Spin the roulette 3 times to get a Special Gift.,룰렛을 3번 돌려 특별 보상을 받으세요,ルーレットを3回回して特別ギフトをゲットしよう,"Drehe das Rad 3 Mal, um ein besonderes Geschenk zu erhalten",Gira la ruleta 3 veces para conseguir un regalo especial,Gire a roleta 3 vezes para ganhar um presente especial,Quay 3 lần để nhận quà đặc biệt.,"Крути рулетку 3 раза, чтобы получить особый подарок.",Putar roda 3 kali untuk mendapatkan Hadiah Spesial.,หมุนวงล้อ 3 ครั้งเพื่อรับของขวัญพิเศษ,Fais tourner la roue 3 fois pour obtenir un cadeau spécial.,أدر العجلة 3 مرات لتحصل على هدية خاصة.,रूलेट को 3 बार घुमाएँ और स्पेशल गिफ्ट पाएँ।,Özel Hediye kazanmak için ruleti 3 kez çevir.
Spins:,Text,,Daily Spin Limit: {[VALUE]},스핀: {[VALUE]},スピン：{[VALUE]},Drehungen: {[VALUE]},Giros: {[VALUE]},Giros: {[VALUE]},Lượt quay: {[VALUE]},Дневной лимит вращений: {[VALUE]},Batas Spin Harian: {[VALUE]},จำกัดการสปินต่อวัน: {[VALUE]},Limite de spins quotidienne : {[VALUE]},حد الدوران اليومي: {[VALUE]},दैनिक स्पिन सीमा: {[VALUE]},Günlük Çevirme Limiti: {[VALUE]}
Spooky Super,Text,,Spooky Super,스푸키 슈퍼,スプーキースーパー,Gruseliges Super,Súper espeluznante,Super Assustador,Siêu ma quái,Жуткое Супер,Super Seram,ซูเปอร์สยอง,Super effrayant,سوبر مخيف,भयावह सुपर,Korkunç Süper
Stage value,Text,,Stage {[value]},스테이지 {[value]},ステージ{[value]},Stufe {[value]},Etapa {[value]},Fase {[value]},Màn {[value]},Этап {[value]},Tahap {[value]},ด่าน {[value]},Niveau {[value]},المرحلة {[value]},चरण {[value]},Aşama {[value]}
Stages value,Text,,Stages {[value]},단계 {[value]},ステージ {[value]},Stufen {[value]},Etapas {[value]},Fases {[value]},Màn {[value]},Этапы {[value]},Tahap {[value]},ด่าน {[value]},Niveaux {[value]},المراحل {[value]},स्तर {[value]},Aşamalar {[value]}
Star Chest,Text,,Star Chest,별 상자,スターチェスト,Sternentruhe,Cofre de estrellas,Baú de Estrelas,Thu thập sao,Сундук звёзд,Peti Bintang,หีบดาว,Coffre étoilé,صندوق النجوم,स्टार चेस्ट,Yıldız Sandığı
Start,Text,,Start,시작,スタート,Start,Comenzar,Iniciar,Bắt đầu,Старт,Mulai,เริ่ม,Démarrer,ابدأ,शुरू करें,Başlat
Start in:,Text,,Start in:,시작까지:,開始まで:,Beginnt in:,Empieza en:,Começa em:,Bắt đầu sau:,Начало через:,Mulai dalam:,เริ่มใน:,Commence dans :,يبدأ خلال:,शुरू होगा:,Başlangıç:
Start with 100 players,Text,,Start with 100 players,100명의 플레이어와 함께 시작하세요,100人のプレイヤーでスタート！,Starte mit 100 Spielern,Comienza con 100 jugadores,Comece com 100 jogadores,Bắt đầu với 100 người chơi,Начни с 100 игроков,Mulai dengan 100 pemain,เริ่มด้วยผู้เล่น 100 คน,Commence avec 100 joueurs,ابدأ مع 100 لاعب,100 खिलाड़ियों के साथ शुरू करें,100 oyuncu ile başla
Starter,Text,,Starter,스타터,スターター,Starter,Inicial,Inicial,Khởi đầu,Стартовый,Pemula,เริ่มต้น,Débutant,مبتدئ,स्टार्टर,Başlangıç
Starter Bundle,Text,,Starter Bundle,스타터 번들,スターターバンドル,Starterpaket,Paquete inicial,Pacote inicial,Gói khởi đầu,Стартовый набор,Paket Pemula,แพ็กเริ่มต้น,Pack de démarrage,حزمة المبتدئين,स्टार्टर बंडल,Başlangıç Paketi
Starter pack,Text,,Starter pack,스타터 팩,スターターパック,Starterpaket,Paquete inicial,Pacote inicial,Gói khởi đầu,Пакет новичка,Paket pemula,แพ็กเริ่มต้น,Pack de démarrage,حزمة المبتدئين,स्टार्टर पैक,Başlangıç Paketi
Steak Dinner,Text,,Steak Dinner,스테이크 디너,ステーキディナー,Steakdinner,Cena de bistec,Jantar de bife,Bữa tối bít tết,Ужин со стейком,Makan malam steak,อาหารเย็นสเต็ก,Dîner steak,عشاء شريحة لحم,स्टेक डिनर,Biftek Akşam Yemeği
Story,Text,,Story,스토리,ストーリー,Geschichte,Historia,História,Câu chuyện,История,Cerita,เนื้อเรื่อง,Histoire,القصة,कहानी,Hikaye
Street,Text,,Street,거리,ストリート,Straße,Calle,Rua,Con Phố,Улица,Jalan,ถนน,Rue,شارع,सड़क,Sokak
Street Restaurant,Text,,Street Restaurant,길거리 음식점,屋台レストラン,Straßenrestaurant,Restaurante callejero,Restaurante de rua,Nhà hàng đường phố,Ресторан на улице,Restoran Jalanan,ร้านอาหารริมถนน,Restaurant de rue,مطعم شارع,स्ट्रीट रेस्टोरेंट,Sokak Restoranı
Summer Fruits,Text,,Summer Fruits,여름 과일,夏のフルーツ,Sommerfrüchte,Frutas de verano,Frutas de verão,Trái cây mùa hè,Летние фрукты,Buah musim panas,ผลไม้ฤดูร้อน,Fruits d'été,فواكه الصيف,गर्मी के फल,Yaz Meyveleri
Summer Set,Text,,Summer Set,여름 세트,サマーセット,Sommerset,Set de verano,Conjunto de verão,Bộ mùa hè,Летний набор,Set musim panas,ชุดฤดูร้อน,Set d'été,طقم صيفي,ग्रीष्म सेट,Yaz Seti
Sunny,Text,,Sunny,맑음,晴れ,Sonnig,Soleado,Ensolarado,Ánh nắng,Солнечно,Cerah,แดดจ้า,Ensoleillé,مشمس,धूप वाला,Güneşli
Sunny Pack,Text,,Sunny Pack,써니 팩,サニーパック,Sonnenpaket,Paquete soleado,Pacote ensolarado,Gói mùa hè,Солнечный набор,Paket Cerah,แพ็กแดดจ้า,Pack ensoleillé,حزمة مشمسة,सनी पैक,Güneşli Paket
Super Bundle,Text,,Super Bundle,슈퍼 번들,スーパー バンドル,Super-Paket,Súper paquete,Pacote Super,Gói Siêu Cấp,Супер‑набор,Super Bundle,ซูเปอร์บันเดิล,Super pack,حزمة سوبر,सुपर बंडल,Süper Paket
Super Hard,Text,,Very Hard,매우 어려움,とても難しい,Sehr schwer,Muy difícil,Muito difícil,Rất khó,Очень сложно,Sangat Sulit,ยากมาก,Très difficile,صعب جدًا,बहुत कठिन,Çok Zor
Swap Items,Text,,Swap Items,아이템 교환,アイテムを入れ替え,Gegenstände tauschen,Intercambiar objetos,Trocar itens,Hoán đổi vật phẩm,Обменять предметы,Tukar item,สลับไอเทม,Échanger des objets,تبديل العناصر,आइटम बदलें,Öğeleri Değiştir
Takoyaki,Text,,Takoyaki,타코야키,たこ焼き,Takoyaki,Takoyaki,Takoyaki,Bánh bạch tuộc,Такояки,Takoyaki,ทาโกะยากิ,Takoyaki,تاكوياكي,ताकॉयाकी,Takoyaki
Tap,Text,,Tap,탭,タップ,Tippen,Tocar,Toque,Chạm,Нажми,Ketuk,แตะ,Appuyez,اضغط,टैप करें,Dokun
Tap Freeze to pause time for 15 seconds!,Text,,Tap Freeze to pause time for 15 seconds!,얼기를 탭해서 시간을 15초 동안 멈추세요!,フリーズをタップして時間を15秒間一時停止！,"Tippe auf Einfrieren, um die Zeit 15 Sekunden lang anzuhalten!",Toca Congelar para pausar el tiempo durante 15 segundos.,Toque em Congelar para pausar o tempo por 15 segundos!,Chạm Đóng Băng để tạm dừng thời gian trong 15 giây!,"Нажми Заморозка, чтобы остановить время на 15 секунд!",Ketuk Bekukan untuk menjeda waktu selama 15 detik!,แตะ แช่แข็ง เพื่อหยุดเวลา 15 วินาที!,Touchez Gel pour mettre le temps en pause pendant 15 secondes !,اضغط تجميد لإيقاف الوقت مؤقتًا لمدة 15 ثانية!,फ्रीज़ पर टैप करें ताकि समय 15 सेकंड के लिए रुक जाए!,Zamanı 15 saniye duraklatmak için Dondur’a dokun!
Tap To Claim,Text,,Tap To Claim,탭하여 받기,タップして受け取る,Antippen zum Beanspruchen,Toca para reclamar,Toque para reivindicar,Chạm để nhận,"Нажмите, чтобы получить",Ketuk untuk klaim,แตะเพื่อรับ,Appuie pour réclamer,اضغط للمطالبة,क्लेम करने के लिए टैप करें,Almak için Dokun
Tap to claim,Text,,Tap to claim,탭하여 받기,タップして受け取る,Tippe zum Einlösen,Toca para reclamar,Toque para resgatar,Chạm để nhận,"Нажми, чтобы получить",Ketuk untuk klaim,แตะเพื่อรับ,Touchez pour réclamer,اضغط للمطالبة,प्राप्त करने के लिए टैप करें,Almak için dokun
Tap to continue,Text,,Tap to continue,탭하여 계속하세요,タップして続ける,Tippe zum Fortfahren,Toca para continuar,Toque para continuar,Chạm để tiếp tục,"Нажмите, чтобы продолжить",Ketuk untuk lanjut,แตะเพื่อดำเนินการต่อ,Appuie pour continuer,اضغط للمتابعة,जारी रखने के लिए टैप करें,Devam etmek için dokun
Tasty Conveyor,Text,,Tasty <color={[VALUE]}>Conveyor</color>,맛있는 <color={[VALUE]}>컨베이어</color>,おいしい <color={[VALUE]}>コンベア</color>,Leckeres <color={[VALUE]}>Förderband</color>,Sabroso <color={[VALUE]}>Transportador</color>,Saboroso <color={[VALUE]}>Transportador</color>,Băng Chuyền <color={[VALUE]}>Siêu Ngon</color>,Вкусный <color={[VALUE]}>Конвейер</color>,<color={[VALUE]}>Konveyor</color> Lezat,สายพาน <color={[VALUE]}>แสนอร่อย</color>,<color={[VALUE]}>Convoyeur</color> Délicieux,<color={[VALUE]}>ناقل</color> لذيذ,स्वादिष्ट <color={[VALUE]}>कन्वेयर</color>,Lezzetli <color={[VALUE]}>Konveyör</color>
Tasty!,Text,,Tasty!,맛있어!,おいしい！,Lecker!,¡Qué rico!,Saboroso!,Ngon quá!,Вкусно!,Enak!,อร่อย!,Délicieux !,لذيذ!,स्वादिष्ट!,Lezzetli!
Tea Time,Text,,Tea Time,티타임,ティータイム,Teezeit,Hora del té,Hora do chá,Trà chiều,Чаепитие,Waktu minum teh,เวลาแห่งชา,L'heure du thé,وقت الشاي,चाय का समय,Çay Saati
Team,Text,,Team,팀,チーム,Team,Equipo,Equipe,Đội,Команда,Tim,ทีม,Équipe,فريق,टीम,Takım
Team Bonus Offer,Text,,Team Bonus Offer,팀 보너스 오퍼,チームボーナスオファー,Team-Bonusangebot,Oferta de bonificación del equipo,Oferta de Bônus da Equipe,Ưu đãi Đội,Командное бонусное предложение,Penawaran Bonus Tim,ข้อเสนอโบนัสทีม,Offre Bonus d’Équipe,عرض مكافأة الفريق,टीम बोनस ऑफ़र,Takım Bonus Teklifi
Team Cookout,Text,,Team Cookout,팀 쿠카웃,チームクックアウト,Team-Cookout,Evento de cocina en equipo,Evento Culinário da Equipe,Sự kiện Nấu ăn Cùng Đội,Командная готовка,Acara Memasak Tim,กิจกรรมทำอาหารเป็นทีม,Cuisine d’Équipe,طبخ الفريق,टीम कुकआउट,Takım Mangal Partisi
Team Info,Text,,Team Info,팀 정보,チーム情報,Teaminfo,Información del equipo,Informações da equipe,Thông tin đội,Инфо команды,Info tim,ข้อมูลทีม,Infos de l’équipe,معلومات الفريق,टीम जानकारी,Takım Bilgisi
Team Logo,Text,,Team Logo,팀 로고,チームロゴ,Teamlogo,Logo de equipo,Logotipo do time,Logo đội,Логотип команды,Logo tim,โลโก้ทีม,Logo d'équipe,شعار الفريق,टीम लोगो,Takım Logosu
Team Member,Text,,Team Member,팀원,チームメンバー,Teammitglied,Miembro del equipo,Membro da equipe,Thành viên đội,Член команды,Anggota tim,สมาชิกทีม,Membre de l’équipe,عضو الفريق,टीम सदस्य,Takım Üyesi
Team Name,Text,,Team Name,팀 이름,チーム名,Teamname,Nombre de equipo,Nome do time,Tên đội,Название команды,Nama tim,ชื่อทีม,Nom d'équipe,اسم الفريق,टीम का नाम,Takım Adı
Team Offer,Text,,Team Offer,팀 오퍼,チームオファー,Team-Angebot,Oferta de equipo,Oferta da Equipe,Ưu đãi Đội,Командное предложение,Penawaran Tim,ข้อเสนอทีม,Offre d’Équipe,عرض الفريق,टीम ऑफ़र,Takım Teklifi
Team Score,Text,,Team Score,팀 점수,チームスコア,Team-Punkte,Puntuación de equipo,Pontuação da equipe,Điểm đội,Очки команды,Skor tim,คะแนนทีม,Score d'équipe,نقاط الفريق,टीम स्कोर,Takım Puanı
Team Type,Text,,Team Type,팀 유형,チームタイプ,Teamtyp,Tipo de equipo,Tipo de equipe,Loại đội,Тип команды,Tipe tim,ประเภททีม,Type d'équipe,نوع الفريق,टीम प्रकार,Takım Türü
Teams,Text,,Teams,팀,チーム,Teams,Equipos,Equipes,Đội,Команды,Tim,ทีม,Équipes,الفرق,टीमें,Takımlar
Tempura,Text,,Tempura,튀김,天ぷら,Tempura,Tempura,Tempurá,Tempura,Темпура,Tempura,เทมปุระ,Tempura,تمبورا,टेम्पुरा,Tempura
Term&Privacy,Text,,Term&Privacy,약관 & 개인정보,利用規約＆プライバシー,Nutzungsbedingungen & Datenschutz,Términos y Privacidad,Termos e Privacidade,Điều khoản & Quyền riêng tư,Условия и конфиденциальность,Ketentuan & Privasi,ข้อกำหนดและความเป็นส่วนตัว,Conditions & Confidentialité,الشروط والخصوصية,नियम एवं गोपनीयता,Şartlar ve Gizlilik
TextMeshPro Material None Effect,Material,,HVD Fonts  MikadoBlack SDF Material,KO_JALNANGOTHICTTF SDF Material,JP_FUTEHODO-MARUGOTHIC SDF Material,HVD Fonts  MikadoBlack SDF Material,HVD Fonts  MikadoBlack SDF Material,HVD Fonts  MikadoBlack SDF Material,HVD Fonts  MikadoBlack SDF Material,movavi-grotesque Material,HVD Fonts  MikadoBlack SDF Material,NOTOSANSTHAI-EXTRABOLD SDF Material,HVD Fonts  MikadoBlack SDF Material,AligarhArabicFREEPERSONALUSE-Black SDF Material,BakbakOne-Regular SDF Material,NOTOSANSTHAI-EXTRABOLD SDF Material
TextMeshPro Material None Effect Big Text For Animation,Material,,HVD Fonts  MikadoBlack SDF New Big Text,KO_JALNANGOTHICTTF SDF New Big Text,JP_FUTEHODO-MARUGOTHIC SDF New Big Text,HVD Fonts  MikadoBlack SDF New Big Text,HVD Fonts  MikadoBlack SDF New Big Text,HVD Fonts  MikadoBlack SDF New Big Text,HVD Fonts  MikadoBlack SDF New Big Text,movavi-grotesque New Big Text,HVD Fonts  MikadoBlack SDF New Big Text,NOTOSANSTHAI-EXTRABOLD SDF New Big Text,HVD Fonts  MikadoBlack SDF New Big Text,AligarhArabicFREEPERSONALUSE-Black SDF New Big Text,BakbakOne-Regular SDF New Big Text,NOTOSANSTHAI-EXTRABOLD SDF New Big Text
TextMeshPro Material Outline Blue,Material,,HVD Fonts  MikadoBlack SDF Blue Outline Shadow,KO_JALNANGOTHICTTF SDF Blue Outline Shadow,JP_FUTEHODO-MARUGOTHIC SDF Blue Outline Shadow,HVD Fonts  MikadoBlack SDF Blue Outline Shadow,HVD Fonts  MikadoBlack SDF Blue Outline Shadow,HVD Fonts  MikadoBlack SDF Blue Outline Shadow,HVD Fonts  MikadoBlack SDF Blue Outline Shadow,movavi-grotesque Blue Outline Shadow,HVD Fonts  MikadoBlack SDF Blue Outline Shadow,NOTOSANSTHAI-EXTRABOLD SDF Blue Outline Shadow,HVD Fonts  MikadoBlack SDF Blue Outline Shadow,AligarhArabicFREEPERSONALUSE-Black SDF Blue Outline Shadow,BakbakOne-Regular SDF Blue Outline Shadow,NOTOSANSTHAI-EXTRABOLD SDF Blue Outline Shadow
TextMeshPro Material Outline DarkBlue,Material,,HVD Fonts  MikadoBlack SDF DarkBlue Outline Shadow,KO_JALNANGOTHICTTF SDF DarkBlue Outline Shadow,JP_FUTEHODO-MARUGOTHIC SDF Dark Blue Outline Shadow,HVD Fonts  MikadoBlack SDF DarkBlue Outline Shadow,HVD Fonts  MikadoBlack SDF DarkBlue Outline Shadow,HVD Fonts  MikadoBlack SDF DarkBlue Outline Shadow,HVD Fonts  MikadoBlack SDF DarkBlue Outline Shadow,movavi-grotesque DarkBlue Outline Shadow,HVD Fonts  MikadoBlack SDF DarkBlue Outline Shadow,NOTOSANSTHAI-EXTRABOLD SDF DarkBlue Outline Shadow,HVD Fonts  MikadoBlack SDF DarkBlue Outline Shadow,AligarhArabicFREEPERSONALUSE-Black SDF DarkBlue Outline Shadow,BakbakOne-Regular SDF DarkBlue Outline Shadow,NOTOSANSTHAI-EXTRABOLD SDF DarkBlue Outline Shadow
TextMeshPro Material Outline Green,Material,,HVD Fonts  MikadoBlack SDF Green Outline Shadow,KO_JALNANGOTHICTTF SDF Green Outline Shadow,JP_FUTEHODO-MARUGOTHIC SDF Green Outline Shadow,HVD Fonts  MikadoBlack SDF Green Outline Shadow,HVD Fonts  MikadoBlack SDF Green Outline Shadow,HVD Fonts  MikadoBlack SDF Green Outline Shadow,HVD Fonts  MikadoBlack SDF Green Outline Shadow,movavi-grotesque Green Outline Shadow,HVD Fonts  MikadoBlack SDF Green Outline Shadow,NOTOSANSTHAI-EXTRABOLD SDF Green Outline Shadow,HVD Fonts  MikadoBlack SDF Green Outline Shadow,AligarhArabicFREEPERSONALUSE-Black SDF Green Outline Shadow,BakbakOne-Regular SDF Green Outline Shadow,NOTOSANSTHAI-EXTRABOLD SDF Green Outline Shadow
TextMeshPro Material Outline Orange,Material,,HVD Fonts  MikadoBlack SDF Orange Outline Shadow,KO_JALNANGOTHICTTF SDF Orange Outline Shadow,JP_FUTEHODO-MARUGOTHIC SDF Orange Outline Shadow,HVD Fonts  MikadoBlack SDF Orange Outline Shadow,HVD Fonts  MikadoBlack SDF Orange Outline Shadow,HVD Fonts  MikadoBlack SDF Orange Outline Shadow,HVD Fonts  MikadoBlack SDF Orange Outline Shadow,movavi-grotesque Orange Outline Shadow,HVD Fonts  MikadoBlack SDF Orange Outline Shadow,NOTOSANSTHAI-EXTRABOLD SDF Orange Outline Shadow,HVD Fonts  MikadoBlack SDF Orange Outline Shadow,AligarhArabicFREEPERSONALUSE-Black SDF Orange Outline Shadow,BakbakOne-Regular SDF Orange Outline Shadow,NOTOSANSTHAI-EXTRABOLD SDF Orange Outline Shadow
TextMeshPro Material Outline Pink,Material,,HVD Fonts  MikadoBlack SDF Pink Outline Shadow,KO_JALNANGOTHICTTF SDF Pink Outline Shadow,JP_FUTEHODO-MARUGOTHIC SDF Pink Outline Shadow,HVD Fonts  MikadoBlack SDF Pink Outline Shadow,HVD Fonts  MikadoBlack SDF Pink Outline Shadow,HVD Fonts  MikadoBlack SDF Pink Outline Shadow,HVD Fonts  MikadoBlack SDF Pink Outline Shadow,movavi-grotesque Pink Outline Shadow,HVD Fonts  MikadoBlack SDF Pink Outline Shadow,NOTOSANSTHAI-EXTRABOLD SDF Pink Outline Shadow,HVD Fonts  MikadoBlack SDF Pink Outline Shadow,AligarhArabicFREEPERSONALUSE-Black SDF Pink Outline Shadow,BakbakOne-Regular SDF Pink Outline Shadow,NOTOSANSTHAI-EXTRABOLD SDF Pink Outline Shadow
TextMeshPro Material Outline Purple,Material,,HVD Fonts  MikadoBlack SDF Purple Outline Shadow,KO_JALNANGOTHICTTF SDF Purple Outline Shadow,JP_FUTEHODO-MARUGOTHIC SDF Purple Outline Shadow,HVD Fonts  MikadoBlack SDF Purple Outline Shadow,HVD Fonts  MikadoBlack SDF Purple Outline Shadow,HVD Fonts  MikadoBlack SDF Purple Outline Shadow,HVD Fonts  MikadoBlack SDF Purple Outline Shadow,movavi-grotesque Purple Outline Shadow,HVD Fonts  MikadoBlack SDF Purple Outline Shadow,NOTOSANSTHAI-EXTRABOLD SDF Purple Outline Shadow,HVD Fonts  MikadoBlack SDF Purple Outline Shadow,AligarhArabicFREEPERSONALUSE-Black SDF Purple Outline Shadow,BakbakOne-Regular SDF Purple Outline Shadow,NOTOSANSTHAI-EXTRABOLD SDF Purple Outline Shadow
TextMeshPro Material Outline Red,Material,,HVD Fonts  MikadoBlack SDF Red Outline Shadow,KO_JALNANGOTHICTTF SDF Red Outline Shadow,JP_FUTEHODO-MARUGOTHIC SDF Red Outline Shadow,HVD Fonts  MikadoBlack SDF Red Outline Shadow,HVD Fonts  MikadoBlack SDF Red Outline Shadow,HVD Fonts  MikadoBlack SDF Red Outline Shadow,HVD Fonts  MikadoBlack SDF Red Outline Shadow,movavi-grotesque Red Outline Shadow,HVD Fonts  MikadoBlack SDF Red Outline Shadow,NOTOSANSTHAI-EXTRABOLD SDF Red Outline Shadow,HVD Fonts  MikadoBlack SDF Red Outline Shadow,AligarhArabicFREEPERSONALUSE-Black SDF Red Outline Shadow,BakbakOne-Regular SDF Red Outline Shadow,NOTOSANSTHAI-EXTRABOLD SDF Red Outline Shadow
TextMeshPro Material Outline Red For Animation,Material,,HVD Fonts  MikadoBlack SDF New Red Outline Shadow,KO_JALNANGOTHICTTF SDF New Red Outline Shadow,JP_FUTEHODO-MARUGOTHIC SDF New Red Outline Shadow,HVD Fonts  MikadoBlack SDF New Red Outline Shadow,HVD Fonts  MikadoBlack SDF New Red Outline Shadow,HVD Fonts  MikadoBlack SDF New Red Outline Shadow,HVD Fonts  MikadoBlack SDF New Red Outline Shadow,movavi-grotesque New Red Outline Shadow,HVD Fonts  MikadoBlack SDF New Red Outline Shadow,NOTOSANSTHAI-EXTRABOLD SDF New Red Outline Shadow,HVD Fonts  MikadoBlack SDF New Red Outline Shadow,AligarhArabicFREEPERSONALUSE-Black SDF New Red Outline Shadow,BakbakOne-Regular SDF New Red Outline Shadow,NOTOSANSTHAI-EXTRABOLD SDF New Red Outline Shadow
Thai Ceramic,Text,,Thai Ceramic,태국 도자기,タイ陶器,Thailändische Keramik,Cerámica tailandesa,Cerâmica tailandesa,Gốm Thái,Тайская керамика,Keramik Thailand,เครื่องเคลือบไทย,Céramique thaïlandaise,خزف تايلاندي,थाई मिट्टी के बर्तन,Tay Seramikleri
Thai Dishes,Text,,Thai Dishes,태국 요리,タイ料理,Thailändische Gerichte,Platos tailandeses,Pratos tailandeses,Món Thái,Тайские блюда,Hidangan Thailand,อาหารไทย,Plats thaïlandais,أطباق تايلاندية,थाई व्यंजन,Tay Yemekleri
The Grill Pass will give you a chance to get special rewards,Text,,The <color=yellow>Grill Pass</color> will give you a chance to get special rewards,<color=yellow>그릴 패스</color>는 특별 보상을 받을 수 있는 기회를 드립니다,<color=yellow>グリルパス</color>は特別な報酬を得るチャンスを提供します,"Der <color=yellow>Grill-Pass</color> gibt dir die Chance, besondere Belohnungen zu erhalten",El <color=yellow>Pase Grill</color> te dará la oportunidad de obtener recompensas especiales,O <color=yellow>Passe Grill</color> lhe dará a chance de ganhar recompensas especiais,<color=yellow>Grill Pass</color> sẽ cho bạn cơ hội nhận phần thưởng đặc biệt,<color=yellow>Гриль-Пасс</color> даст вам шанс получить особые награды,<color=yellow>Grill Pass</color> akan memberi Anda kesempatan untuk mendapatkan hadiah spesial,<color=yellow>Grill Pass</color> จะมอบโอกาสให้คุณได้รับรางวัลพิเศษ,Le <color=yellow>Grill Pass</color> vous donnera une chance d’obtenir des récompenses spéciales,سوف يمنحك <color=yellow>Grill Pass</color> فرصة للحصول على مكافآت خاصة,<color=yellow>ग्रिल पास</color> आपको विशेष इनाम पाने का अवसर देगा,<color=yellow>Izgara Kartı sana özel ödüller kazanma şansı verecek
The Harvest Pass will give you a chance to get special rewards,Text,,The <color={[color]}>Harvest Pass</color> will give you a chance to get special rewards,<color={[color]}>수확 패스</color>를 통해 특별한 보상을 받을 기회를 얻으세요,<color={[color]}>ハーベストパス</color>で特別な報酬を手に入れるチャンス！,"Der <color={[color]}>Erntepass</color> gibt dir die Chance, spezielle Belohnungen zu erhalten",El <color={[color]}>Pase de Cosecha</color> te dará la oportunidad de obtener recompensas especiales,O <color={[color]}>Passe da Colheita</color> lhe dará a chance de ganhar recompensas especiais,<color={[color]}>Harvest Pass</color> sẽ mang đến cho bạn cơ hội nhận phần thưởng đặc biệt,<color={[color]}>Проп урожая</color> даст тебе шанс получить особые награды,<color={[color]}>Harvest Pass</color> akan memberimu kesempatan untuk mendapatkan hadiah spesial,<color={[color]}>พาสฤดูเก็บเกี่ยว</color>จะให้โอกาสคุณได้รับรางวัลพิเศษ,Le <color={[color]}>Pass de Récolte</color> te donnera une chance d’obtenir des récompenses spéciales,سيمنحك <color={[color]}>تذكرة الحصاد</color> فرصة للحصول على مكافآت خاصة,<color={[color]}>हार्वेस्ट पास</color> आपको विशेष इनाम पाने का मौका देगा,<color={[color]}>Hasat Bileti</color> sana özel ödüller kazanma şansı verecek
The Playful Wind Spirit,Text,,The Playful Wind Spirit,장난기 많은 바람의 정령,おちゃめな風の精霊,Der verspielte Windgeist,El espíritu del viento travieso,O espírito do vento brincalhão,Linh Hồn Gió Tinh Nghịch,Игривый Дух Ветра,Roh Angin yang Ceria,วิญญาณลมเจ้าเล่ห์,L’esprit du vent espiègle,روح الرياح المرحة,चंचल वायु आत्मा,Oyunbaz Rüzgar Ruhu
The Star Chest Awaits!,Text,,The Star Chest Awaits!,별 상자가 기다리고 있어요!,スター チェストが待っています！,Die Sternentruhe wartet!,¡El cofre estelar te espera!,O Baú de Estrelas está esperando!,Rương sao đang đợi!,Сундук звёзд ждёт!,Star Chest menanti!,หีบดาวกำลังรอคุณอยู่!,Le Coffre étoilé t’attend !,صندوق النجوم بانتظارك!,स्टार चेस्ट आपका इंतज़ार कर रहा है!,Yıldız Sandığı Seni Bekliyor!
The Xmas Pass will give you a chance to get special rewards,Text,,The <color=#F8E843>Xmas Pass</color> will give you a chance to get special rewards,<color=#F8E843>Xmas Pass</color>로 특별 보상을 받을 기회가 생겨요,<color=#F8E843>Xmas Pass</color>で特別な報酬をゲットできるチャンス！,Der <color=#F8E843>Xmas Pass</color> gibt dir die Chance auf besondere Belohnungen,El <color=#F8E843>Xmas Pass</color> te dará la oportunidad de obtener recompensas especiales,O <color=#F8E843>Xmas Pass</color> lhe dará a chance de ganhar recompensas especiais,<color=#F8E843>Xmas Pass</color> sẽ cho bạn cơ hội nhận phần thưởng đặc biệt,<color=#F8E843>Xmas Pass</color> даст тебе шанс получить особые награды,<color=#F8E843>Xmas Pass</color> memberi kamu kesempatan untuk mendapatkan hadiah spesial,<color=#F8E843>Xmas Pass</color> จะให้โอกาสคุณรับรางวัลพิเศษ,Le <color=#F8E843>Xmas Pass</color> te donnera une chance d’obtenir des récompenses spéciales,سيمنحك <color=#F8E843>Xmas Pass</color> فرصة للحصول على مكافآت خاصة,<color=#F8E843>Xmas Pass</color> से आपको खास इनाम पाने का मौका मिलेगा,<color=#F8E843>Xmas Pass</color> özel ödüller kazanma şansı verecek
The event has already started. Please come back next time.,Text,,The event has already started. Please come back next time.,이벤트가 이미 시작되었습니다. 다음에 다시 참여해주세요.,イベントはすでに始まっています。次回また来てください。,Das Event hat bereits begonnen. Bitte komm das nächste Mal wieder.,El evento ya ha comenzado. Por favor vuelve la próxima vez.,"O evento já começou. Por favor, volte na próxima vez.",Sự kiện đã bắt đầu rồi. Hãy quay lại vào lần tới nhé.,"Событие уже началось. Пожалуйста, приходите в следующий раз.",Acara sudah dimulai. Silakan kembali lain kali.,กิจกรรมได้เริ่มไปแล้ว โปรดกลับมาใหม่ในครั้งหน้า,"Événement déjà commencé. Revenez la prochaine fois, s’il vous plaît.",الفعالية بدأت بالفعل. يرجى العودة في المرة القادمة.,कार्यक्रम शुरू हो चुका है। कृपया अगली बार वापस आएं।,Etkinlik zaten başladı. Lütfen bir dahaki sefere tekrar gelin.
The tray above will drop down,Text,,The tray above will drop down,위의 쟁반이 내려옵니다,上のトレイが落ちてきます,Das obere Fach wird herunterfallen,La bandeja de arriba caerá,A bandeja de cima vai descer,Khay phía trên sẽ rơi xuống,Верхний лоток опустится,Nampan di atas akan turun,ถาดด้านบนจะเลื่อนลงมา,Le plateau au‑dessus va descendre,الصينية بالأعلى ستنخفض,ऊपर वाली ट्रे नीचे आ जाएगी,Yukarıdaki tepsi aşağı inecek
This request has already been handled,Text,,This request has already been handled,이 요청은 이미 처리되었습니다,このリクエストはすでに処理されています,Diese Anfrage wurde bereits bearbeitet,Esta solicitud ya ha sido atendida,Esta solicitação já foi atendida,Yêu cầu này đã được xử lý rồi,Этот запрос уже обработан,Permintaan ini sudah diproses,Peng запрос นี้ได้รับการจัดการแล้ว,Cette demande a déjà été traitée,تم التعامل مع هذا الطلب بالفعل,इस अनुरोध को पहले ही संसाधित किया जा चुका है,Bu istek zaten işlendi
This request is available for:,Text,,This request is available for:,이 요청은 다음에게 가능합니다:,このリクエストは次の人に有効です:,Diese Anfrage ist verfügbar für:,Esta solicitud está disponible para:,Esta solicitação está disponível para:,Yêu cầu này có sẵn cho:,Этот запрос доступен для:,Permintaan ini tersedia untuk:,คำขอนี้ใช้ได้สำหรับ:,Cette demande est disponible pour :,هذا الطلب متاح لـ:,यह अनुरोध उपलब्ध है:,Bu istek şu kişiler için uygundur:
Time to break Piggy Bank and get your bonus coin,Text,,Time to break Piggy Bank and get your bonus coin,이제 저금통을 깨고 보너스 코인을 받으세요!,貯金箱を割ってボーナスコインを手に入れよう！,"Zeit, das Sparschwein zu knacken und Bonusmünzen zu holen!",¡Rompe la alcancía y consigue tus monedas extra!,Hora de quebrar o cofrinho e pegar suas moedas bônus!,Đã đến lúc phá Heo đất và nhận thưởng,Пора разбить копилку и получить бонусную монету,Saatnya memecahkan celengan dan mengambil koin bonusmu,ได้เวลาแตกกระปุกและรับเหรียญโบนัส!,Il est temps de briser la tirelire et de prendre ta pièce bonus,حان وقت كسر الحصالة وأخذ عملتك الإضافية,अब गुल्लक तोड़ें और बोनस कॉइन लें,Kumbarayı kırma ve bonus jetonunu alma zamanı
Tofu & Broccoli,Text,,Tofu & Broccoli,두부 & 브로콜리,豆腐＆ブロッコリー,Tofu & Brokkoli,Tofu y brócoli,Tofu & brócolis,Đậu phụ & bông cải xanh,Тофу и брокколи,Tahu & brokoli,เต้าหู้ & บร็อคโคลี,Tofu & brocoli,توفو وبروكلي,टोफू और ब्रोकोली,Tofu ve Brokoli
Tom Yum,Text,,Tom Yum,똠얌,トムヤム,Tom Yum,Tom Yum,Tom Yum,Canh Tom Yum,Том Ям,Tom Yam,ต้มยำ,Tom yum,توم يام,टॉम यम,Tom Yum
Tongs,Text,,Tongs,집게,トング,Grillzange,Pinzas,Pegador,Kẹp gắp,Щипцы,Penjepit,คีมคีบ,Pinces,ملقط,चिमटा,Maşa
Top Contribution Reward!,Text,,Top Contribution Reward!,최고 기여 보상!,トップ貢献報酬！,Top-Beitragsbelohnung!,¡Recompensa por mayor contribución!,Recompensa por Maior Contribuição!,Phần thưởng Đóng góp Hàng đầu!,Награда за лучший вклад!,Hadiah Kontribusi Teratas!,รางวัลผู้สนับสนุนสูงสุด!,Récompense de Meilleure Contribution !,مكافأة أعلى المساهمين!,सर्वोच्च योगदान इनाम!,En Yüksek Katkı Ödülü!
Trays on conveyer moves continuously,Text,,Trays on conveyer moves continuously,컨베이어 위의 쟁반이 계속 움직입니다,コンベアの上のトレーが継続的に動きます,Die Tabletts auf dem Förderband bewegen sich kontinuierlich,Las bandejas en la cinta transportadora se mueven continuamente,As bandejas na esteira transportadora se movem continuamente,Khay trên băng chuyền sẽ di chuyển liên tục,Лотки на конвейере движутся непрерывно,Nampan di konveyor bergerak terus‑menerus,ถาดบนสายพานจะเคลื่อนที่ต่อเนื่อง,Les plateaux sur le convoyeur se déplacent en continu,تتحرك الصواني على الناقل باستمرار,कन्वेयर पर ट्रे लगातार चलती रहती हैं,Taşıyıcıdaki tepsiler sürekli hareket eder
Treasure Quest,Text,,Treasure Quest,보물 퀘스트,トレジャークエスト,Schatzsuche,Búsqueda del Tesoro,Caça ao Tesouro,Cuộc phiêu lưu kho báu,Охота за сокровищами,Pencarian Harta Karun,ภารกิจล่าสมบัติ,Chasse au Trésor,البحث عن الكنز,ख़ज़ाने की खोज,Hazine Görevi
Treasure Quest Wins,Text,,Treasure Quest Wins,보물 퀘스트 승리,トレジャークエスト勝利,Schatzsuche Siege,Victorias en la búsqueda del tesoro,Vitórias na Caça ao Tesouro,Thắng Cuộc Phiêu Lưu Kho Báu,Победы в охоте за сокровищами,Kemenangan Pencarian Harta Karun,ชนะภารกิจล่าสมบัติ,Victoires à la chasse au trésor,انتصارات مغامرة البحث عن الكنز,ख़ज़ाने की खोज में जीत,Hazine Görevi Zaferleri
Treasure Quest has started! Beat 7 levels to complete the challenge!,Text,,Treasure Quest has started! Beat 7 levels to complete the challenge!,보물 퀘스트가 시작되었습니다! 도전을 완수하려면 7단계를 완료하세요!,"トレジャークエストが始まりました!
7レベルをクリアしてチャレンジを達成しましょう！","Die Schatzsuche hat begonnen!
Bestehe 7 Level, um die Herausforderung abzuschließen!","¡La búsqueda del tesoro ha comenzado!
¡Supera 7 niveles para completar el desafío!","A Caça ao Tesouro começou!
Vença 7 níveis para completar o desafio!","Cuộc phiêu lưu kho báu đã bắt đầu!
Hãy vượt qua 7 màn chơi để hoàn thành thử thách!","Охота за сокровищами началась!
Пройди 7 уровней, чтобы завершить испытание!","Pencarian Harta Karun telah dimulai!
Selesaikan 7 level untuk menuntaskan tantangan!",ภารกิจล่าสมบัติเริ่มขึ้นแล้ว! ผ่านด่านให้ครบ 7 ด่านเพื่อพิชิตความท้าทาย!,"La chasse au trésor a commencé !
Termine 7 niveaux pour relever le défi !",لقد بدأت مغامرة البحث عن الكنز! أكمِل 7 مراحل لتُنهي التحدي!,ख़ज़ाने की खोज शुरू हो गई है! चुनौती पूरी करने के लिए 7 स्तर पार करें!,Hazine Görevi başladı! Meydan okumayı tamamlamak için 7 seviyeyi geç!
Trick Or Treat,Text,,Trick Or Treat,트릭 오어 트릿,トリック・オア・トリート,Süßes oder Saures,Truco o trato,Gostosura ou travessura,Cho kẹo hay bị ghẹo,Кошелёк или жизнь,Trik atau Traktiran,หลอกหรือเลี้ยง,Des bonbons ou un sort,خدعة أم حلوى,ट्रिक ऑर ट्रीट,Şeker mi Şaka mı
Trickster Treat,Text,,Trickster Treat,트릭스터 트릿,トリックスター・トリート,Trickster-Leckerei,Dulce del embaucador,Doce do Trapaceiro,Kẹo Trickster,Лакомство обманщика,Perlakuan Penipu,ขนมหลอกล่อ,Friandise du farceur,حلوى المخادع,छलिया मिठाई,Hınzır Şeker
Try Again,Text,,Try Again,다시 시도,再試行,Erneut versuchen,Intentar de nuevo,Tentar novamente,Thử lại,Попробовать снова,Coba Lagi,ลองใหม่,Réessayer,حاول مرة أخرى,फिर से कोशिश करें,Tekrar Dene
Tteokbokki,Text,,Tteokbokki,떡볶이,トッポッキ,Tteokbokki,Tteokbokki,Tteokbokki,Tokbokki,Ттокпокки,Tteokbokki,ต๊อกบกกี,Tteokbokki,توكبوكي,떡볶ी,Tteokbokki
Unbelievable!,Text,,Unbelievable!,믿을 수 없어!,信じられない！,Unglaublich!,¡Increíble!,Inacreditável!,Không thể tin nổi!,Невероятно!,Tak terbayangkan!,เหลือเชื่อ!,Incroyable !,لا يُصدق!,अविश्वसनीय!,İnanılmaz!
Unlimited life in:,Text,,Unlimited life in:,무제한 라이프까지:,無制限ライフまで：,Unbegrenzte Leben in:,Vidas ilimitadas en:,Vidas ilimitadas em:,Mạng vô hạn sau:,Бесконечные жизни через:,Nyawa tanpa batas dalam:,ชีวิตไม่จำกัดใน:,Vies illimitées dans :,أرواح غير محدودة خلال:,अनलिमिटेड लाइफ में:,Sınırsız can süresi:
Unlock,Text,,Unlock,잠금 해제,アンロック,Freischalten,Desbloquear,Desbloquear,Mở khóa,Разблокировать,Buka Kunci,ปลดล็อก,Déverrouiller,فتح القفل,अनलॉक,Kilidi Aç
Unlock a locked tray,Text,,Unlock a locked tray,잠긴 트레이 잠금 해제,ロックされたトレイを解除,Gesperrtes Tablett entsperren,Desbloquea una bandeja bloqueada,Desbloqueie uma bandeja trancada,Mở khay bị khóa,Открыть заблокированный лоток,Buka kunci nampan terkunci,ปลดล็อกถาดที่ล็อก,Déverrouiller un plateau verrouillé,افتح صينية مقفلة,लॉक ट्रे अनलॉक करें,Kilitli bir tepsiyi aç
Unlock at level,Text,,Unlock at level {[value]},레벨 {[value]}에서 잠금 해제,レベル{[value]}でアンロック,Schalte auf Level {[value]} frei,Desbloquea en el nivel {[value]},Desbloqueia no nível {[value]},Mở khóa ở màn {[value]},Открывается на уровне {[value]},Buka di level {[value]},ปลดล็อกที่ด่าน {[value]},Débloqué au niveau {[value]},يُفتح عند المستوى {[value]},स्तर {[value]} पर अनलॉक करें,{[value]} seviyesinde açılır
Unlock at level:,Text,,Unlock at level: {[VALUE]},{[VALUE]} 레벨에서 잠금 해제,レベル {[VALUE]} でアンロック,Freischalten bei Stufe {[VALUE]},Desbloquear en el nivel {[VALUE]},Desbloquear no nível {[VALUE]},Mở ở màn: {[VALUE]},Открывается на уровне: {[VALUE]},Terbuka di level: {[VALUE]},ปลดล็อกที่ด่าน: {[VALUE]},Débloqué au niveau : {[VALUE]},يفتح عند المستوى: {[VALUE]},लेवल {[VALUE]} पर अनलॉक,{[VALUE]} seviyesinde aç
Unlock the Preboosters first to use them!,Text,,Unlock the Preboosters first to use them!,프리부스터를 먼저 잠금 해제해야 사용 가능합니다!,"プレブースターを先にアンロックして使用しましょう！
","Schalte zuerst die Vorbooster frei, um sie zu verwenden!",¡Desbloquea los pre-impulsores primero para usarlos!,Desbloqueie os pré-impulsionadores primeiro para usá-los!,Mở khóa tăng sức mạnh trước khi dùng!,"Сначала разблокируйте предбустеры, чтобы использовать их!",Buka Pra‑Booster dulu untuk memakainya!,ปลดล็อกพรีบูสเตอร์ก่อนจึงจะใช้ได้!,Déverrouille d’abord les pré‑boosters pour les utiliser !,افتح المعززات المسبقة أولًا لتتمكن من استخدامها!,उन्हें इस्तेमाल करने के लिए पहले प्री‑बूस्टर्स अनलॉक करें!,Kullanmak için önce Ön Güçlendiricilerin kilidini aç!
Unlock the previous offer first!,Text,,Unlock the previous offer first!,이전 제안을 먼저 잠금 해제하세요!,前のオファーを先にアンロックしてください！,Schalte zuerst das vorherige Angebot frei!,¡Desbloquea la oferta anterior primero!,Desbloqueie a oferta anterior primeiro!,Mở ưu đãi trước đó trước!,Сначала разблокируйте предыдущее предложение!,Buka penawaran sebelumnya dulu!,ปลดล็อกข้อเสนอที่แล้วก่อน!,Déverrouille d’abord l’offre précédente !,افتح العرض السابق أولًا!,पहले पिछला ऑफ़र अनलॉक करें!,Önceki teklifin kilidini aç!
Update,Text,,Update,업데이트,アップデート,Aktualisieren,Actualizar,Atualizar,Cập nhật,Обновить,Perbarui,อัปเดต,Mettre à jour,تحديث,अपडेट,Güncelle
Update Now,Text,,Update Now,지금 업데이트,今すぐ更新,Jetzt aktualisieren,Actualizar ahora,Atualizar agora,Cập nhật ngay,Обновить сейчас,Perbarui sekarang,อัปเดตตอนนี้,Mettre à jour maintenant,حدِّث الآن,अभी अपडेट करें,Şimdi Güncelle
Update Now!,Text,,Update Now!,지금 업데이트!,今すぐ更新!,Jetzt aktualisieren!,Actualizar ahora!,Atualizar agora!,Cập nhật ngay!,Обновить сейчас!,Perbarui sekarang!,อัปเดตตอนนี้!,Mettre à jour maintenant!,حدِّث الآن,अभी अपडेट करें!,Şimdi Güncelle!
Upgrade Chances,Text,,Upgrade Chances,업그레이드 확률,アップグレードのチャンス,Verbesserungsmöglichkeiten,Oportunidades de mejora,Chances de Upgrade,Cơ hội Nâng Cấp,Шансы на улучшение,Peluang Peningkatan,โอกาสอัปเกรด,Chances d’amélioration,فرص الترقية,उन्नयन के अवसर,Yükseltme Şansı
Use Booster,Text,,Use Booster,부스터 사용,パワーアップ使用,Power-Up nutzen,Usa Power-Up,Usar Power-Up,Dùng Booster,Используй усиление,Gunakan Power-Up,ใช้พาวเวอร์อัป,Utilise Power-Up,استخدم التعزيز,पावर-अप उपयोग,Güçlendirici Kullan
Use magnet,Text,,Use magnet,자석 사용,マグネットを使用,Magnet benutzen,Usar imán,Usar ímã,Dùng nam châm,Использовать магнит,Gunakan magnet,ใช้แม่เหล็ก,Utiliser l’aimant,استخدم المغناطيس,मैग्नेट उपयोग करें,Mıknatıs Kullan
Use your extra stars to open chest,Text,,Use your extra stars to open chest,추가 별을 사용하여 상자를 여세요,余分なスターで宝箱を開けよう,"Verwende deine extra Sterne, um die Truhe zu öffnen",Usa tus estrellas extra para abrir el cofre,Use suas estrelas extras para abrir o baú,Dùng sao dư để mở rương,"Используй лишние звезды, чтобы открыть сундук",Gunakan bintang ekstra untuk membuka peti,ใช้ดาวพิเศษเพื่อเปิดหีบ,Utilise tes étoiles bonus pour ouvrir le coffre,استخدم نجومك الإضافية لفتح الصندوق,अतिरिक्त सितारों का उपयोग करके चेस्ट खोलो,Fazladan yıldızlarını kullanarak sandığı aç
Utensils,Text,,Utensils,조리 도구,調理器具,Utensilien,Utensilios,Utensílios,Dụng cụ nấu ăn,Посуда,Peralatan dapur,อุปกรณ์ครัว,Ustensiles,أدوات المطبخ,बर्तन,Mutfak Gereçleri
Value-Available,Text,,{[VALUE]} Available,{[VALUE]}개 사용 가능,{[VALUE]} 利用可能,{[VALUE]} verfügbar,{[VALUE]} disponible,{[VALUE]} disponível,Có {[VALUE]},Доступно: {[VALUE]},{[VALUE]} tersedia,ใช้ได้ {[VALUE]},{[VALUE]} disponible,{[VALUE]} متاح,{[VALUE]} उपलब्ध,{[VALUE]} mevcut
Vegetarian & Healthy,Text,,Vegetarian & Healthy,채식 & 건강,ベジタリアン＆ヘルシー,Vegetarisch & Gesund,Vegetariano y saludable,Vegetariano & saudável,Ăn chay & lành mạnh,Вегетарианское и здоровое,Vegetarian & Sehat,มังสวิรัติ & สุขภาพ,Végétarien & Santé,نباتي وصحي,शाकाहारी और स्वास्थ्य,Vejetaryen ve Sağlıklı
Veggie Hunt,Text,,Veggie Hunt,채소 사냥,ベジハント,Gemüsejagd,Caza de verduras,Caça aos Vegetais,Săn Rau Củ,Охота за овощами,Berburu Sayur,ล่าผัก,Chasse aux légumes,صيد الخضروات,सब्ज़ी खोज,Sebze Avı
Veggie Wrap,Text,,Veggie Wrap,베지랩,ベジラップ,Gemüsewrap,Wrap de vegetales,Wrap de legumes,Bánh cuốn rau củ,Овощной ролл,Gulungan sayur,แรปผัก,Wrap de légumes,لفافة خضار,वेज रैप,Sebze Dürümü
Vending Tray,Text,,Vending Tray,자판기 쟁반,販売トレイ,Verkaufsfach,Bandeja de venta,Bandeja de venda,Khay tự động,Торговый лоток,Nampan Vending,ถาดจำหน่ายอัตโนมัติ,Plateau distributeur,صينية آلة البيع,वेंडिंग ट्रे,Otomat Tepsisi
Vibration,Text,,Vibration,진동,振動,Vibration,Vibración,Vibração,Rung,Вибрация,Getar,การสั่น,Vibration,الاهتزاز,वाइब्रेशन,Titreşim
Video Bar,Text,,Video Bar,비디오 바,ビデオバー,Videoleiste,Barra de video,Barra de vídeo,Thanh video,Видео-панель,Bilah video,แถบวิดีโอ,Barre vidéo,شريط الفيديو,वीडियो बार,Video Çubuğu
View,Text,,View,보기,表示,Anzeigen,Ver,Ver,Xem,Просмотр,Lihat,ดู,Voir,عرض,देखें,Görüntüle
Waffle,Text,,Waffle,와플,ワッフル,Waffel,Gofre,Waffle,Bánh waffle,Вафля,Wafel,วาฟเฟิล,Gaufre,وافل,वफ़ल,Waffle
Waffle Iron,Text,,Waffle Iron,와플 기계,ワッフルメーカー,Waffeleisen,Gofrera,Máquina de waffle,Máy nướng waffle,Вафельница,Alat pembuat wafel,เครื่องทำวาฟเฟิล,Gaufrier,جهاز الوافل,वफ़ल मेकर,Waffle Makinesi
Watch,Text,,Watch,보기,見る,Ansehen,Ver ver,Assistir,Xem,Смотреть,Tonton,ดู,Regarder,شاهد,देखें,İzle
Watch Video,Text,,Watch Video,비디오 보기,動画を見る,Video ansehen,Ver video,Assistir ao vídeo,Xem video,Смотреть видео,Tonton video,ดูวิดีโอ,Regarder la vidéo,شاهد الفيديو,वीडियो देखें,Video İzle
Watch ad,Text,,Watch ad,광고 보기,広告を見る,Werbung ansehen,Ver anuncio,Assistir ao anúncio,Xem quảng cáo,Смотреть рекламу,Tonton iklan,ดูโฆษณา,Regarder la pub,شاهد الإعلان,विज्ञापन देखें,Reklam İzle
Watch videos,Text,,Watch videos,비디오 시청,動画を見る,Videos ansehen,Ver videos,Assistir a vídeos,Xem video,Смотреть видео,Tonton video,ดูวิดีโอ,Regarder des vidéos,شاهد الفيديوهات,वीडियो देखें,Videoları İzle
Watch videos to fill the bar and earn awesome rewards!,Text,,Watch videos to <color=#FFD200>fill the bar</color> and earn awesome rewards!,비디오를 시청하여 <color=#FFD200>바를 채우고</color> 멋진 보상을 받으세요!,動画を見て<color=#FFD200>バーを満たして</color>素晴らしい報酬を手に入れよう！,"Schau Videos, um <color=#FFD200>die Leiste zu füllen</color> und tolle Belohnungen zu verdienen!",¡Mira videos para <color=#FFD200>llenar la barra</color> y ganar increíbles recompensas!,Assista a vídeos para <color=#FFD200>encher a barra</color> e ganhar recompensas incríveis!,Xem video để <color=#FFD200>làm đầy thanh</color> và nhận phần thưởng hấp dẫn!,"Смотри видео, чтобы <color=#FFD200>заполнить шкалу</color> и получить классные награды!",Tonton video untuk <color=#FFD200>mengisi bilah</color> dan dapatkan hadiah keren!,ดูวิดีโอเพื่อ<color=#FFD200>เติมแถบ</color>และรับรางวัลสุดเจ๋ง!,Regarde des vidéos pour <color=#FFD200>remplir la barre</color> et gagner de super récompenses !,شاهد الفيديوهات لـ<color=#FFD200>ملء الشريط</color> والحصول على مكافآت رائعة!,वीडियो देखें ताकि <color=#FFD200>बार भरें</color> और शानदार इनाम पाएं!,"Videoları izle, <color=#FFD200>çubuğu doldur ve harika ödüller kazan!"
Water Set,Text,,Water Set,워터 세트,ウォーターセット,Wasserset,Set de agua,Conjunto de água,Bộ nước,Водный набор,Set air,ชุดน้ำ,Set d'eau,مجموعة مياه,पानी का सेट,Su Seti
Watermelon,Text,,Watermelon,수박,スイカ,Wassermelone,Sandía,Melancia,Dưa hấu,Арбуз,Semangka,แตงโม,Pastèque,بطيخ,तरबूज,Karpuz
We ve increased the Energy you get per level! Here s a gift for the progress you ve made so far,Text,,We’ve increased the Energy you get per level! Here’s a gift for the progress you’ve made so far,"레벨당 획득하는 에너지가 늘어났어요!
지금까지의 진행을 기념해 선물을 드립니다","レベルごとに獲得できるエネルギーが増えました！
ここまでの進行に感謝してプレゼントです","Wir haben die Energie pro Level erhöht!
Hier ist ein Geschenk für deinen bisherigen Fortschritt","¡Hemos aumentado la Energía que obtienes por nivel!
Aquí tienes un regalo por el progreso que has logrado","Aumentamos a Energia que você ganha por nível!
Aqui está um presente pelo progresso que você fez até agora","Chúng tôi đã tăng Năng lượng bạn nhận được mỗi cấp!
Đây là món quà dành cho tiến trình bạn đã đạt được","Мы увеличили количество Энергии за уровень!
Вот подарок за твой прогресс до сих пор","Kami telah menambah Energi yang kamu dapatkan setiap level!
Ini hadiah untuk progres yang sudah kamu capai","เราได้เพิ่มพลังงานที่คุณได้รับต่อเลเวลแล้ว!
นี่คือของขวัญสำหรับความก้าวหน้าที่คุณทำมา","Nous avons augmenté l’Énergie que tu gagnes par niveau !
Voici un cadeau pour tes progrès jusqu’ici",,"हमने प्रत्येक स्तर पर मिलने वाली ऊर्जा बढ़ा दी है!
अब तक की प्रगति के लिए यह उपहार है",Her seviyede kazandığın enerjiyi artırdık! İşte şimdiye kadar ki ilerlemen için bir hediye
Weekend,Text,,Weekend,주말,週末,Wochenende,Fin de semana,Final de semana,Cuối tuần,Выходные,Akhir Pekan,สุดสัปดาห์,Week‑end,نهاية الأسبوع,सप्ताहांत,Hafta Sonu
Weekend Deal,Text,,Weekend Deal,주말 특가,週末セール,Wochenendangebot,Oferta de fin de semana,Oferta de fim de semana,Ưu đãi cuối tuần,Выходная акция,Penawaran Akhir Pekan,ดีลสุดสัปดาห์,Offre du week‑end,عرض نهاية الأسبوع,वीकेंड डील,Hafta Sonu Fırsatı
Weekly,Text,,Weekly,주간,毎週,Wöchentlich,Semanal,Semanal,Hàng tuần,Еженедельно,Mingguan,รายสัปดาห์,Hebdomadaire,أسبوعي,साप्ताहिक,Haftalık
Weekly Contest,Text,,Weekly Contest,주간 대회,週刊コンテスト,Wöchentlicher Wettbewerb,Concurso semanal,Concurso semanal,Cuộc thi hàng tuần,Еженедельный конкурс,Kontes mingguan,การประกวดประจำสัปดาห์,Concours hebdomadaire,مسابقة أسبوعية,साप्ताहिक प्रतियोगिता,Haftalık Yarışma
When you join a team you will get,Text,,When you join a team you will get,팀에 가입하면 받을 수 있습니다,チームに参加すると獲得できます,"Wenn du einem Team beitrittst, erhältst du",Cuando te unas a un equipo recibirás,Ao entrar em um time você receberá,Khi tham gia đội bạn sẽ nhận được,При вступлении в команду вы получите,"Saat bergabung tim, kamu akan mendapat",เมื่อเข้าร่วมทีมคุณจะได้รับ,"En rejoignant une équipe, vous obtiendrez",عند انضمامك لفريق ستحصل على,जब आप टीम से जुड़ेंगे तो आपको मिलेगा,Bir takıma katıldığında alacakların
Win,Text,,Win {[VALUE]},승리 {[VALUE]},勝利 {[VALUE]},Sieg {[VALUE]},Victoria {[VALUE]},Vitória {[VALUE]},Thắng {[VALUE]},Выиграй {[VALUE]},Menang {[VALUE]},ชนะ {[VALUE]},Gagne {[VALUE]},اربح {[VALUE]},जीतो {[VALUE]},{[VALUE]} kazan
Win 5 level to open Level Chest and claim rewards!,Text,,Win 5 level to open <color=#F9D23B>Level Chest</color> and claim rewards!,레벨 5개 클리어하고 <color=#F9D23B>레벨 상자</color>를 열어 보상을 받자!,5レベル勝利で<color=#F9D23B>レベルチェスト</color>を開けて報酬を受け取ろう！,Gewinne 5 Level und öffne die <color=#F9D23B>Level‑Truhe</color> für Belohnungen!,¡Gana 5 niveles para abrir el <color=#F9D23B>Cofre de Nivel</color> y reclamar recompensas!,Vença 5 níveis para abrir o <color=#F9D23B>Baú de Nível</color> e coletar recompensas!,Thắng 5 màn để mở <color=#F9D23B>Rương Level</color> và nhận thưởng!,"Выиграйте 5 уровней, чтобы открыть <color=#F9D23B>Сундук уровня</color> и забрать награды!",Menang 5 level untuk membuka <color=#F9D23B>Peti Level</color> dan klaim hadiah!,ชนะ 5 ด่านเพื่อเปิด <color=#F9D23B>หีบด่าน</color> และรับรางวัล!,Gagne 5 niveaux pour ouvrir le <color=#F9D23B>Coffre de niveau</color> et obtenir des récompenses !,اربح 5 مستويات لفتح <color=#F9D23B>صندوق المستوى</color> والحصول على المكافآت!,5 लेवल जीतें ताकि <color=#F9D23B>लेवल चेस्ट</color> खुले और इनाम मिलें!,<color=#F9D23B>Seviye Sandığını açmak ve ödülleri almak için 5 seviye kazan!
Win 5 level to open Star Chest and claim rewards!,Text,,Win 5 level to open <color=#F9D23B>Star Chest</color> and claim rewards!,5레벨을 완료해 <color=#F9D23B>별 상자</color>를 열고 보상을 받으세요!,5レベルをクリアして<color=#F9D23B>スター チェスト</color>を開け、報酬を手に入れよう！,"Gewinne 5 Level, um die <color=#F9D23B>Sternentruhe</color> zu öffnen und Belohnungen zu erhalten!",¡Gana 5 niveles para abrir el <color=#F9D23B>Cofre Estrella</color> y reclamar recompensas!,Ganhe 5 níveis para abrir o <color=#F9D23B>Baú Estelar</color> e receber recompensas!,Thắng 5 màn để mở <color=#F9D23B>Rương Sao</color> và nhận thưởng!,"Выиграйте 5 уровней, чтобы открыть <color=#F9D23B>Сундук звёзд</color> и забрать награды!",Menang 5 level untuk membuka <color=#F9D23B>Peti Bintang</color> dan klaim hadiah!,ชนะ 5 ด่านเพื่อเปิด <color=#F9D23B>หีบดาว</color> และรับรางวัล!,Gagne 5 niveaux pour ouvrir le <color=#F9D23B>Coffre étoilé</color> et récupérer des récompenses !,اربح 5 مستويات لفتح <color=#F9D23B>صندوق النجوم</color> والحصول على المكافآت!,5 लेवल जीतें ताकि <color=#F9D23B>स्टार चेस्ट</color> खुले और रिवॉर्ड मिलें!,<color=#F9D23B>Yıldız Sandığını açmak ve ödülleri almak için 5 seviye kazan!
Win Level to unlock amazing stories waiting ahead,Text,,Complete Level {[value]} to unlock amazing stories waiting ahead,{[value]}레벨을 완료하고 놀라운 이야기를 열어보세요!,レベル{[value]}をクリアして、待っている素敵な物語を解放しよう！,"Schließe Level {[value]} ab, um spannende Geschichten freizuschalten!",¡Completa el nivel {[value]} para desbloquear increíbles historias que te esperan!,Complete o nível {[value]} para desbloquear histórias incríveis à frente!,Hoàn thành cấp độ {[value]} để mở khóa những câu chuyện hấp dẫn phía trước!,"Заверши уровень {[value]}, чтобы открыть удивительные истории впереди!",Selesaikan level {[value]} untuk membuka kisah seru di depan!,ผ่านด่าน {[value]} เพื่อปลดล็อกเรื่องราวสุดมหัศจรรย์ที่รออยู่!,Termine le niveau {[value]} pour débloquer des histoires incroyables à venir !,أكمل المستوى {[value]} لفتح القصص الرائعة التي تنتظرك!,स्तर {[value]} पूरा करें ताकि आगे की रोमांचक कहानियाँ अनलॉक हों!,{[value]} seviyesini tamamla ve seni bekleyen harika hikayelerin kilidini aç!
Win Levels,Text,,Win Levels,레벨 승리,レベルクリア,Level gewinnen,Gana niveles,Vença fases,Thắng màn,Побеждай уровни,Menangkan level,ชนะด่าน,Gagne des niveaux,اربح المراحل,स्तर जीतें,Seviyeleri Kazan
Win Rewards!,Text,,Win Rewards!,보상을 획득하세요!,報酬を獲得！,Gewinne Belohnungen!,¡Gana recompensas!,Ganhe recompensas!,Nhận phần thưởng!,Выиграй награды!,Menangkan hadiah!,รับรางวัล!,Gagnez des récompenses !,اربح المكافآت!,इनाम जीतें!,Ödüller Kazan!
Win great prizes!,Text,,Win great prizes!,멋진 보상을 받으세요!,豪華な報酬をゲットしよう！,Gewinne tolle Preise!,¡Gana premios increíbles!,Ganhe prêmios incríveis!,Nhận quà giá trị!,Выигрывай отличные призы!,Menangkan hadiah besar!,ลุ้นรางวัลสุดคุ้ม!,Gagne de super lots !,اربح جوائز رائعة!,शानदार इनाम जीतें!,Harika ödüller kazan!
Win level X to unlock,Text,,Win level {[value]} to unlock,{[value]} 레벨을 완료하여 잠금 해제,レベル{[value]}をクリアしてアンロック,"Gewinne Level {[value]}, um freizuschalten",Gana el nivel {[value]} para desbloquear,Vença o nível {[value]} para desbloquear,Thắng level {[value]} để mở khóa,"Выиграй уровень {[value]}, чтобы разблокировать",Menangkan level {[value]} untuk membuka kunci,ชนะด่าน {[value]} เพื่อปลดล็อก,Gagne le niveau {[value]} pour débloquer,اربح المستوى {[value]} لفتحه,स्तर {[value]} जीतें अनलॉक करने के लिए,"Seviye {[value]} kazanın, kilidi açmak için"
Win level on your first try to earn a pinata filled with surprise rewards!,Text,,Win level on your first try to earn a pinata filled with surprise rewards!,첫 도전에서 레벨을 완료하여 놀라운 보상이 가득한 피냐타를 받으세요!,最初の挑戦でレベルをクリアして、サプライズ報酬が詰まったピニャータを手に入れよう！,Gewinne das Level beim ersten Versuch und erhalte eine Piñata voller Überraschungsbelohnungen!,¡Gana el nivel en tu primer intento para obtener una piñata llena de recompensas sorpresa!,Vença o nível na sua primeira tentativa para ganhar uma piñata cheia de recompensas surpresa!,Thắng màn ngay lần chơi đầu để nhận pinata chứa đầy phần thưởng bất ngờ!,"Победи уровень с первой попытки и получи пиньяту, полную сюрпризов!",Menangkan level pada percobaan pertama untuk mendapatkan piñata berisi hadiah kejutan!,ชนะด่านตั้งแต่ครั้งแรกเพื่อรับปีญาตาที่เต็มไปด้วยของรางวัลสุดเซอร์ไพรส์!,Gagne le niveau dès ta première tentative pour recevoir une piñata remplie de récompenses surprises !,اربح المستوى من المحاولة الأولى لتحصل على بينياتا مليئة بالمكافآت المفاجئة!,पहले प्रयास में स्तर जीतें और सरप्राइज़ इनामों से भरी पिनाटा पाएं!,İlk denemende seviyeyi kazan ve sürpriz ödüllerle dolu bir pinata kazan!
Win levels without losing a life and gain extra time each level! Keep your winstreak!,Text,,Win levels without losing a life and gain extra time each level! Keep your winstreak!,목숨을 잃지 않고 레벨을 클리어하고 각 레벨마다 추가 시간을 얻으세요! 연승을 이어가세요!,ライフを失わずにステージをクリアして各レベルで追加時間を獲得！連勝を続けましょう！,"Gewinne Level, ohne ein Leben zu verlieren, und gewinne mit jedem Level zusätzliche Zeit! Behalte deine Siegesserie!",¡Gana niveles sin perder una vida y gana tiempo extra en cada nivel! ¡Mantén tu racha de victorias!,Vença níveis sem perder uma vida e ganhe tempo extra a cada nível! Mantenha sua sequência de vitórias!,Thắng liên tiếp không mất mạng để nhận thêm thời gian mỗi màn! Hãy giữ chuỗi thắng của bạn!,"Побеждайте в уровнях, не теряя жизнь, и получайте дополнительное время на каждом уровне! Поддерживайте серию побед!",Menang tanpa kehilangan nyawa dan dapatkan waktu ekstra di tiap level! Jaga win‑streak‑mu!,ชนะด่านโดยไม่เสียชีวิตและรับเวลาเพิ่มทุกด่าน! รักษาสถิติชนะต่อเนื่องไว้!,Gagne des niveaux sans perdre de vie et obtiens du temps en plus à chaque niveau ! Garde ta série de victoires !,افز بالمراحل دون خسارة حياة لتحصل على وقت إضافي في كل مرحلة! حافظ على سلسلة انتصاراتك!,बिना लाइफ गंवाए लेवल जीतें और हर लेवल पर अतिरिक्त समय पाएं! अपनी विन‑स्ट्रिक बनाए रखें!,Can kaybetmeden seviyeleri kazan ve her seviyede ekstra süre elde et! Kazanma serini koru!
Win streak,Text,,Win streak,연승,連勝,Siegesserie,Racha de victorias,Sequência de vitórias,Chuỗi thắng,Серия побед,Rangkaian Menang,ชนะต่อเนื่อง,Série de victoires,سلسلة انتصارات,जीत की लड़ी,Kazanma Serisi
Win your share of 5000 coins,Text,,Win your share of 5000 coins,5000코인의 보상을 나누어 받으세요,5000コインの報酬を分け合おう！,Gewinne deinen Anteil von 5000 Münzen,¡Gana tu parte de 5000 monedas!,Ganhe sua parte de 5000 moedas,Nhận phần của bạn trong 5000 xu,Выиграй свою долю из 5000 монет,Menangkan bagianmu dari 5000 koin,รับส่วนแบ่งของคุณจาก 5000 เหรียญ,Gagne ta part des 5000 pièces,اربح حصتك من 5000 عملة,5000 सिक्कों में से अपना हिस्सा जीतें,5000 jetondan payını kazan
Wine Bucket,Text,,Wine Bucket,와인 버킷,ワインバケツ,Weinkübel,Cubo de vino,Balde de vinho,Xô rượu vang,Ведро для вина,Ember anggur,ถังไวน์,Seau à vin,دلو نبيذ,वाइन की बाल्टी,Şarap Kovası
Winstreak,Text,,Winstreak,연승,連勝,Siegesserie,Racha de victorias,Sequência de vitórias,Chuỗi thắng,Серия побед,Rangkaian kemenangan,ชนะต่อเนื่อง,Série de victoires,سلسلة انتصارات,जीत की लड़ी,Kazanma Serisi
Wonderful!,Text,,Wonderful!,멋져!,ワンダフル！,Wundervoll!,¡Maravilloso!,Maravilhoso!,Tuyệt hảo!,Замечательно!,Luar biasa!,วิเศษมาก!,Merveilleux !,رائع جداً!,शानदार!,Muhteşem!
World,Text,,World,월드,ワールド,Welt,Mundo,Mundo,Thế giới,Мир,Dunia,โลก,Monde,العالم,विश्व,Dünya
Wow!,Text,,Wow!,와우!,わお！,Wow!,¡Guau!,Uau!,Wow!,Вау!,Wow!,ว้าว!,Waouh !,واو!,वाह!,Vay!
X2 Boost,Text,,X2 Boost,2배 부스트,2倍ブースト,2x-Boost,Impulso x2,Impulso X2,Tăng X2,Х2 усиление,Peningkat X2,บูสต์ x2,Bonus x2,تعزيز ×2,2x बूस्ट,2 Kat Güçlendirme
XL Rewards,Text,,XL Rewards,초대형 보상,超特大リワード,XL-Belohnungen,Recompensas XL,Recompensas XL,Phần thưởng Cực Lớn,XL награды,Hadiah XL,รางวัล XL,Récompenses XL,مكافآت XL,XL इनाम,XL Ödüller
Xmas Pass,Text,,Xmas Pass,크리스마스 패스,クリスマスパス,Weihnachts-Pass,Pase de Navidad,Passe de Natal,Thẻ Xmas,Рождественский пропуск,Xmas Pass,พาสคริสต์มาส,Pass de Noël,تصريح عيد الميلاد,क्रिसमस पास,Noel Bileti
Yellow outline,Material,,1FTV-VIP-Lilita-One Yellow Outline Shadow,KO_JALNANGOTHICTTF SDF Yellow Outline,JP_FUTEHODO-MARUGOTHIC SDF Yellow Outline,1FTV-VIP-Lilita-One Yellow Outline Shadow,1FTV-VIP-Lilita-One Yellow Outline Shadow,1FTV-VIP-Lilita-One Yellow Outline Shadow,1FTV-VIP-Lilita-One Yellow Outline Shadow,1FTV-VIP-Lilita-One Yellow Outline Shadow,1FTV-VIP-Lilita-One Yellow Outline Shadow,1FTV-VIP-Lilita-One Yellow Outline Shadow,1FTV-VIP-Lilita-One Yellow Outline Shadow,1FTV-VIP-Lilita-One Yellow Outline Shadow,1FTV-VIP-Lilita-One Yellow Outline Shadow,1FTV-VIP-Lilita-One Yellow Outline Shadow
Yes,Text,,Yes,예,はい,Ja,Sí,Sim,Có,Да,Ya,ใช่,Oui,نعم,हाँ,Evet
You,Text,,You,당신,あなた,Du,Tú,Você,Bạn,Ты,Kamu,คุณ,Tu,أنت,आप,Sen
You Get,Text,,You Get,획득함,あなたの獲得,Du erhältst,Tú recibes,Você Recebe,Bạn nhận,Вы получаете,Anda Mendapatkan,คุณได้รับ,Vous Recevez,أنت تحصل على,आपको मिलता है,Sen Alırsın
You Win Streak progress will be lost!,Text,,Your Win Streak progress will be lost!,연승 진행이 사라집니다!,連勝の進行が失われます！,Dein Siegesserie-Fortschritt geht verloren!,¡Tu progreso de racha se perderá!,Seu progresso de sequência será perdido!,Tiến trình chuỗi thắng của bạn sẽ mất!,Твой прогресс серии побед будет потерян!,Progres streak kemenanganmu akan hilang!,"ความคืบหน้าชนะต่อเนื่องจะ  
หายไป!
",Ton progrès de série de victoires sera perdu !,سيفقد تقدم سلسلة انتصاراتك!,तुम्हारी जीत की लड़ी का प्रगति खो जाएगी!,Kazanma Serisi ilerlemen kaybolacak!
You already helped this request,Text,,You already helped this request,이 요청을 이미 도왔습니다,このリクエストはすでに手伝いました,Du hast diese Anfrage bereits geholfen,Ya ayudaste esta solicitud,Você já ajudou neste pedido,Bạn đã giúp yêu cầu này,Вы уже помогли этому запросу,Kamu sudah membantu permintaan ini,คุณได้ช่วยคำขอนี้แล้ว,Vous avez déjà aidé cette demande,لقد ساعدت هذا الطلب بالفعل,आपने पहले ही इस अनुरोध में मदद की है,Bu isteğe zaten yardımcı oldun
You are about to send this card to your team member,Text,,You are about to send this card to your team member {[VALUE]},당신은 이 카드를 팀원 {[VALUE]}에게 보내려 합니다,あなたはこのカードをチームメンバー {[VALUE]} に送ろうとしています,"Du bist dabei, diese Karte an dein Teammitglied {[VALUE]} zu senden",Estás a punto de enviar esta tarjeta a tu compañero {[VALUE]},Você está prestes a enviar esta carta ao membro {[VALUE]} da equipe,Bạn sắp gửi thẻ này cho đồng đội {[VALUE]},Вы собираетесь отправить эту карту участнику команды {[VALUE]},Anda akan mengirim kartu ini ke anggota tim {[VALUE]},คุณกำลังจะส่งการ์ดนี้ให้สมาชิกทีม {[VALUE]},Vous êtes sur le point d’envoyer cette carte au membre {[VALUE]} de votre équipe,أنت على وشك إرسال هذه البطاقة إلى عضو فريقك {[VALUE]},आप यह कार्ड अपने टीम सदस्य {[VALUE]} को भेजने वाले हैं,Bu kartı takım üyeniz {[VALUE]}’ye göndermek üzeresiniz
You are sharing the reward with other winners!,Text,,You are sharing the reward with {[value]} other winners!,{[value]}명의 다른 우승자들과 보상을 나누고 있습니다!,{[value]}人の他の勝者と報酬を分け合っています！,Du teilst die Belohnung mit {[value]} weiteren Gewinnern!,¡Estás compartiendo la recompensa con {[value]} ganadores más!,Você está compartilhando a recompensa com {[value]} outros vencedores!,Bạn đang chia phần thưởng với {[value]} người chiến thắng khác!,Ты делишь награду с ещё {[value]} победителями!,Kamu berbagi hadiah dengan {[value]} pemenang lainnya!,คุณกำลังแบ่งรางวัลกับผู้ชนะคนอื่น ๆ อีก {[value]} คน!,Tu partages la récompense avec {[value]} autres gagnants !,أنت تشارك الجائزة مع {[value]} فائزين آخرين!,आप {[value]} अन्य विजेताओं के साथ इनाम साझा कर रहे हैं!,Ödülü {[value]} diğer kazananla paylaşıyorsun!
"You can collect this card from events, rewards and team members!",Text,,"You can collect this card from events, rewards and team members!","이 카드는 이벤트, 보상 및 팀원에게서 얻을 수 있습니다!",このカードはイベント、報酬、チームメンバーから集められます！,"Diese Karte kannst du aus Events, Belohnungen und Teammitgliedern erhalten!","¡Puedes conseguir esta tarjeta en eventos, recompensas y miembros del equipo!","Você pode coletar esta carta em eventos, recompensas e membros da equipe!","Bạn có thể thu thập thẻ này từ sự kiện, phần thưởng và thành viên đội!","Вы можете получить эту карту из событий, наград и участников команды!","Anda bisa mendapatkan kartu ini dari event, hadiah, dan anggota tim!",คุณสามารถรับการ์ดนี้จากกิจกรรม รางวัล และสมาชิกทีม!,"Vous pouvez obtenir cette carte via des événements, des récompenses et des membres de votre équipe !",يمكنك جمع هذه البطاقة من الفعاليات والمكافآت وأعضاء الفريق!,"आप इस कार्ड को इवेंट, रिवॉर्ड और टीम सदस्यों से प्राप्त कर सकते हैं!","Bu kartı etkinliklerden, ödüllerden ve takım üyelerinden toplayabilirsiniz!"
"You can collect this card from events, rewards!",Text,,"You can collect this card from events, rewards!",이 카드는 이벤트와 보상에서 얻을 수 있습니다!,このカードはイベントや報酬から集められます！,Diese Karte kannst du aus Events und Belohnungen erhalten!,¡Puedes conseguir esta tarjeta en eventos y recompensas!,Você pode coletar esta carta em eventos e recompensas!,Bạn có thể thu thập thẻ này từ sự kiện và phần thưởng!,Вы можете получить эту карту из событий и наград!,Anda bisa mendapatkan kartu ini dari event dan hadiah!,คุณสามารถรับการ์ดนี้จากกิจกรรมและรางวัล!,Vous pouvez obtenir cette carte via des événements et des récompenses !,يمكنك جمع هذه البطاقة من الفعاليات والمكافآت!,आप इस कार्ड को इवेंट और रिवॉर्ड से प्राप्त कर सकते हैं!,Bu kartı etkinliklerden ve ödüllerden toplayabilirsiniz!
You can select these BOOSTERS to start the level!,Text,,You can select these <color=#A4313C>BOOSTERS</color> to start the level!,레벨을 시작하려면 이 <color=#A4313C>부스터</color>를 선택하세요!,この<color=#A4313C>ブースター</color>を選んでレベルを開始できます！,"Du kannst diese <color=#A4313C>Booster</color> auswählen, um das Level zu starten!",¡Puedes seleccionar estos <color=#A4313C>impulsores</color> para comenzar el nivel!,Você pode selecionar esses <color=#A4313C>impulsionadores</color> para começar o nível!,Bạn có thể chọn những <color=#A4313C>BOOSTERS</color> này để bắt đầu màn chơi!,"Вы можете выбрать эти <color=#A4313C>УСИЛИТЕЛИ</color>, чтобы начать уровень!",Kamu bisa memilih <color=#A4313C>BOOSTER</color> ini untuk mulai level!,คุณสามารถเลือก <color=#A4313C>บูสเตอร์</color> เหล่านี้เพื่อเริ่มด่านได้!,Tu peux sélectionner ces <color=#A4313C>BOOSTERS</color> pour commencer le niveau !,يمكنك اختيار هذه <color=#A4313C>المعززات</color> لبدء المرحلة!,लेवल शुरू करने के लिए आप ये <color=#A4313C>BOOSTERS</color> चुन सकते हैं!,Seviyeye başlamak için bu <color=#A4313C>GÜÇLENDİRİCİLERİ seçebilirsin!
You can swap any two items between any trays!,Text,,You can swap any two items between any trays!,어떤 트레이든 두 아이템을 교환할 수 있습니다!,任意のトレイ間で任意の2つのアイテムを入れ替えられます！,Du kannst beliebige zwei Gegenstände zwischen beliebigen Tabletts tauschen!,¡Puedes intercambiar dos objetos entre cualquier bandeja!,Você pode trocar quaisquer dois itens entre qualquer bandeja!,Bạn có thể đổi bất kỳ 2 vật phẩm nào giữa các khay!,Вы можете обменять любые два предмета между любыми подносами!,Kamu bisa menukar dua item di antara baki mana saja!,คุณสามารถสลับไอเทมใดๆ ระหว่างถาดได้!,Vous pouvez échanger deux objets entre n'importe quels plateaux !,يمكنك تبديل أي عنصرين بين أي صواني!,आप किसी भी ट्रे के बीच दो आइटम बदल सकते हैं!,Herhangi iki tepsi arasındaki iki öğeyi değiştirebilirsin!
"You can't move items on the tray with OctoChef. After sorting items, OctoChef will move and attch to another tray",Text,,"You can't move items on the tray with OctoChef. After sorting items, OctoChef will move and attach to another tray.","옥토셰프가 있는 쟁반에서는 아이템을 이동할 수 없습니다.
아이템을 정리한 후, 옥토셰프는 다른 쟁반으로 이동해 붙습니다.","オクトシェフがいるトレー上のアイテムは動かせません。
アイテムを整理すると、オクトシェフは別のトレーに移動してくっつきます。","Du kannst auf dem Tablett mit OctoChef keine Items bewegen.
Nachdem du die Items sortiert hast, bewegt sich OctoChef und haftet an ein anderes Tablett.","No puedes mover objetos en la bandeja con OctoChef.
Después de ordenar los objetos, OctoChef se moverá y se adherirá a otra bandeja.","Você não pode mover itens na bandeja com o OctoChef.
Após organizar os itens, o OctoChef se moverá e se prenderá a outra bandeja.","Bạn không thể di chuyển vật phẩm trên khay có OctoChef.
Sau khi sắp xếp vật phẩm, OctoChef sẽ di chuyển và bám vào khay khác.","Нельзя перемещать предметы на подносе с ОктоШефом.
После сортировки предметов ОктоШеф переместится и прикрепится к другому подносу.","Kamu tidak bisa memindahkan item di nampan yang ada OctoChef.
Setelah menyusun item, OctoChef akan bergerak dan menempel ke nampan lain.","คุณไม่สามารถย้ายไอเท็มบนถาดที่มี OctoChef ได้
หลังจากจัดเรียงไอเท็มแล้ว OctoChef จะย้ายไปติดที่ถาดอื่น","Tu ne peux pas déplacer d’objets sur le plateau avec OctoChef.
Après avoir trié les objets, OctoChef se déplacera et s’attachera à un autre plateau.",,"आप OctoChef वाले ट्रे पर आइटम नहीं हिला सकते।
आइटम को क्रमबद्ध करने के बाद, OctoChef किसी दूसरे ट्रे पर चला जाएगा और उससे चिपक जाएगा।",OctoChef olan tepsideki öğeleri hareket ettiremezsin. Eşyaları sıraladıktan sonra OctoChef hareket eder ve başka bir tepsiye geçer.
You don't have enough stars,Text,,You don't have enough stars,별이 부족합니다,星が足りません,Du hast nicht genug Sterne,No tienes suficientes estrellas,Você não tem estrelas suficientes,Bạn không có đủ sao,У тебя недостаточно звёзд,Kamu tidak punya cukup bintang,คุณมีดาวไม่พอ,Tu n’as pas assez d’étoiles,ليس لديك نجوم كافية,आपके पास पर्याप्त सितारे नहीं हैं,Yeterli yıldızın yok
You failed the challenge! Next Treasure Quest will start in:,Text,,You failed the challenge! Next <color={[value]}>Treasure Quest</color> will start in:,도전에 실패했습니다! 다음 <color={[value]}>보물 퀘스트</color>가 시작되기까지:,チャレンジに失敗しました！次の <color={[value]}>トレジャークエスト</color> の開始まで:,Du hast die Herausforderung nicht geschafft! Die nächste <color={[value]}>Schatzsuche</color> beginnt in:,¡Fallaste el desafío! La próxima <color={[value]}>búsqueda del tesoro</color> comenzará en:,Você falhou no desafio! A próxima <color={[value]}>Caça ao Tesouro</color> começará em:,"Bạn đã thất bại trong thử thách!
<color={[value]}>Cuộc phiêu lưu kho báu</color> tiếp theo sẽ bắt đầu sau:",Ты не справился с испытанием! Следующая <color={[value]}>охота за сокровищами</color> начнётся через:,Kamu gagal menyelesaikan tantangan! <color={[value]}>Pencarian Harta Karun</color> berikutnya akan dimulai dalam:,คุณล้มเหลวในความท้าทาย! <color={[value]}>ภารกิจล่าสมบัติ</color>ครั้งต่อไปจะเริ่มในอีก:,Tu as échoué au défi ! La prochaine <color={[value]}>chasse au trésor</color> commencera dans :,لقد فشلت في التحدي! ستبدأ <color={[value]}>مغامرة البحث عن الكنز</color> التالية خلال:,आप चुनौती में असफल रहे! अगली <color={[value]}>ख़ज़ाने की खोज</color> शुरू होगी:,Görevi başaramadın! Bir sonraki <color={[value]}>Hazine Görevi şu sürede başlayacak:
You failed the challenge. Better luck next time!,Text,,You failed the challenge. Better luck next time!,도전에 실패했습니다. 다음에는 더 좋은 결과를 기대하세요!,チャレンジに失敗しました。次はうまくいきますように！,Du hast die Herausforderung nicht geschafft. Beim nächsten Mal hast du mehr Glück!,Fallaste el desafío. ¡Más suerte la próxima vez!,Você falhou no desafio. Mais sorte da próxima vez!,Bạn đã thất bại trong thử thách. Chúc may mắn hơn lần sau!,Ты не справился с испытанием. Повезёт в следующий раз!,Kamu gagal menyelesaikan tantangan. Semoga lebih beruntung lain kali!,คุณล้มเหลวในความท้าทาย โชคดีกว่านี้ในครั้งหน้านะ!,Tu as échoué au défi. Bonne chance pour la prochaine fois !,لقد فشلت في التحدي. حظًا أوفر في المرة القادمة!,आप चुनौती में असफल रहे। अगली बार के लिए शुभकामनाएँ!,Görevi başaramadın. Bir dahaki sefere daha iyi şans!
You have,Text,,You have,보유,所持,Du hast,Tienes,Você tem,Bạn có,У тебя есть,Kamu punya,คุณมี,Tu as,لديك,आपके पास है,Senin var
You have won the Treasure Quest! Next Quest will start in:,Text,,You have won the <color={[value]}>Treasure Quest</color>! Next Quest will start in:,<color={[value]}>보물 퀘스트</color>에서 승리했습니다! 다음 퀘스트가 시작되기까지:,<color={[value]}>トレジャークエスト</color>で勝利しました！次のクエストの開始まで:,Du hast die <color={[value]}>Schatzsuche</color> gewonnen! Die nächste Quest beginnt in:,¡Has ganado la <color={[value]}>búsqueda del tesoro</color>! La próxima misión comenzará en:,Você venceu a <color={[value]}>Caça ao Tesouro</color>! A próxima missão começará em:,Bạn đã chiến thắng trong <color={[value]}>Cuộc phiêu lưu kho báu</color>! Nhiệm vụ tiếp theo sẽ bắt đầu sau:,Ты выиграл <color={[value]}>охоту за сокровищами</color>! Следующее задание начнётся через:,Kamu memenangkan <color={[value]}>Pencarian Harta Karun</color>! Pencarian berikutnya akan dimulai dalam:,คุณชนะใน <color={[value]}>ภารกิจล่าสมบัติ</color>! ภารกิจต่อไปจะเริ่มในอีก:,Tu as remporté la <color={[value]}>chasse au trésor</color> ! La prochaine quête commencera dans :,لقد فزت في <color={[value]}>مغامرة البحث عن الكنز</color>! ستبدأ المغامرة التالية خلال:,आपने <color={[value]}>ख़ज़ाने की खोज</color> जीत ली है! अगली खोज शुरू होगी:,<color={[value]}>Hazine Görevini kazandın! Bir sonraki görev şu sürede başlayacak:
You haven't joined a team yet,Text,,You haven't joined a team yet,아직 팀에 가입하지 않았습니다,まだチームに参加していません,Du bist noch keinem Team beigetreten,Aún no te has unido a un equipo,Você ainda não entrou em um time,Bạn chưa tham gia đội,Вы ещё не присоединились к команде,Anda belum bergabung dengan tim,คุณยังไม่ได้เข้าร่วมทีม,Vous n'avez pas encore rejoint d'équipe,أنت لم تنضم إلى أي فريق بعد,आप अभी किसी टीम में शामिल नहीं हुए हैं,Henüz bir takıma katılmadın
You must contribute point to your team to collect rewards!,Text,,You must contribute point to your team to collect rewards!,보상을 받으려면 팀에 포인트를 기여해야 합니다!,報酬を受け取るにはチームにポイントを貢献する必要があります！,"Du musst Punkte zu deinem Team beitragen, um Belohnungen zu erhalten!",¡Debes contribuir puntos a tu equipo para obtener recompensas!,Você deve contribuir pontos para sua equipe para receber recompensas!,Bạn phải đóng góp điểm cho đội để nhận thưởng!,"Вы должны вносить очки в команду, чтобы получать награды!",Anda harus menyumbang poin ke tim untuk mendapatkan hadiah!,คุณต้องช่วยทีมเก็บแต้มเพื่อรับรางวัล!,Vous devez contribuer des points à votre équipe pour obtenir des récompenses !,يجب أن تساهم بنقاط لفريقك للحصول على المكافآت!,आपको पुरस्कार पाने के लिए अपनी टीम में अंक योगदान करने होंगे!,Ödülleri almak için takımınıza puan katkısı yapmalısınız!
You need a duplicate to send this card!,Text,,You need a duplicate to send this card!,이 카드를 보내려면 중복 카드가 필요합니다!,このカードを送るには重複カードが必要です！,"Du brauchst eine doppelte Karte, um diese zu senden!",¡Necesitas una carta duplicada para enviarla!,Você precisa de uma carta duplicada para enviá-la!,Bạn cần thẻ trùng để gửi thẻ này!,"Вам нужна дублирующая карта, чтобы отправить это!",Anda membutuhkan kartu duplikat untuk mengirim kartu ini!,คุณต้องมีการ์ดซ้ำเพื่อส่งการ์ดนี้!,Vous avez besoin d’un doublon pour envoyer cette carte !,تحتاج إلى بطاقة مكررة لإرسال هذه البطاقة!,इस कार्ड को भेजने के लिए आपको एक डुप्लिकेट कार्ड चाहिए!,Bu kartı göndermek için bir kopyasına ihtiyacınız var!
You will fail and !,Text,,You will fail <color={[color]}>{[X]}</color> and <color={[color]}>{[Y]}</color>!,<color={[color]}>{[X]}</color>와 <color={[color]}>{[Y]}</color>에 실패할 것입니다!,<color={[color]}>{[X]}</color>と<color={[color]}>{[Y]}</color>に失敗します！,Du wirst bei <color={[color]}>{[X]}</color> und <color={[color]}>{[Y]}</color> gescheitert sein!,¡Habrás fallado en <color={[color]}>{[X]}</color> y <color={[color]}>{[Y]}</color>!,Você terá falhado em <color={[color]}>{[X]}</color> e <color={[color]}>{[Y]}</color>!,Bạn sẽ thất bại trong <color={[color]}>{[X]}</color> và <color={[color]}>{[Y]}</color>!,Ты потерпишь неудачу в <color={[color]}>{[X]}</color> и <color={[color]}>{[Y]}</color>!,Kamu akan gagal dalam <color={[color]}>{[X]}</color> dan <color={[color]}>{[Y]}</color>!,คุณจะล้มเหลวใน <color={[color]}>{[X]}</color> และ <color={[color]}>{[Y]}</color>!,Tu échoueras à <color={[color]}>{[X]}</color> et <color={[color]}>{[Y]}</color> !,ستفشل في <color={[color]}>{[X]}</color> و <color={[color]}>{[Y]}</color>!,आप <color={[color]}>{[X]}</color> और <color={[color]}>{[Y]}</color> में असफल होंगे!,<color={[color]}>{[X]} ve <color={[color]}>{[Y]} başarısız olacak!
You will fail and lose !,Text,,You will fail <color={[color]}>{[X]}</color> and lose <color={[color]}>{[Y]}</color>!,<color={[color]}>{[X]}</color>에 실패하고 <color={[color]}>{[Y]}</color>를 잃게 됩니다!,<color={[color]}>{[X]}</color>に失敗し、<color={[color]}>{[Y]}</color>を失います！,Du wirst bei <color={[color]}>{[X]}</color> scheitern und <color={[color]}>{[Y]}</color> verlieren!,¡Fallarás en <color={[color]}>{[X]}</color> y perderás <color={[color]}>{[Y]}</color>!,Você vai falhar em <color={[color]}>{[X]}</color> e perder <color={[color]}>{[Y]}</color>!,Bạn sẽ thất bại trong <color={[color]}>{[X]}</color> và mất <color={[color]}>{[Y]}</color>!,Ты потерпишь неудачу в <color={[color]}>{[X]}</color> и потеряешь <color={[color]}>{[Y]}</color>!,Kamu akan gagal dalam <color={[color]}>{[X]}</color> dan kehilangan <color={[color]}>{[Y]}</color>!,คุณจะล้มเหลวใน <color={[color]}>{[X]}</color> และสูญเสีย <color={[color]}>{[Y]}</color>!,Tu échoueras à <color={[color]}>{[X]}</color> et perdras <color={[color]}>{[Y]}</color> !,ستفشل في <color={[color]}>{[X]}</color> وتفقد <color={[color]}>{[Y]}</color>!,आप <color={[color]}>{[X]}</color> में असफल होंगे और <color={[color]}>{[Y]}</color> खो देंगे!,<color={[color]}>{[X]} başarısız olacak ve <color={[color]}>{[Y]} kaybedeceksin!
You will fail the quest if you fail a level! Beat 7 levels to complete the challenge!,Text,,You will fail the quest if you fail a level! Beat 7 levels to complete the challenge!,레벨에 실패하면 퀘스트도 실패합니다! 도전을 완수하려면 7단계를 완료하세요!,レベルに失敗するとクエストも失敗します！7レベルをクリアしてチャレンジを達成しよう！,"Du wirst die Quest verlieren, wenn du ein Level nicht bestehst! Bestehe 7 Level, um die Herausforderung abzuschließen!",¡Fallaste un nivel y perderás la misión! ¡Supera 7 niveles para completar el desafío!,Você falhará na missão se falhar em um nível! Vença 7 níveis para completar o desafio!,Bạn sẽ thất bại trong nhiệm vụ nếu thua một màn! Hãy vượt qua 7 màn để hoàn thành thử thách!,"Ты провалишь задание, если проиграешь уровень! Пройди 7 уровней, чтобы завершить испытание!",Kamu akan gagal dalam misi jika gagal di satu level! Selesaikan 7 level untuk menuntaskan tantangan!,คุณจะล้มเหลวในภารกิจหากล้มเหลวในด่าน! ผ่านให้ครบ 7 ด่านเพื่อพิชิตความท้าทาย!,Tu échoueras à la quête si tu échoues à un niveau ! Termine 7 niveaux pour relever le défi !,ستفشل في المهمة إذا فشلت في مرحلة! أكمل 7 مراحل لإنهاء التحدي!,अगर आप एक स्तर में असफल होते हैं तो खोज में असफल हो जाएंगे! चुनौती पूरी करने के लिए 7 स्तर पार करें!,Bir seviyede başarısız olursan görevi kaybedersin! Meydan okumayı tamamlamak için 7 seviyeyi geç!
You will have 1 hour of unlimited lives for this competition!,Text,,You will have 1 hour of unlimited lives for this competition!,이번 대회에서는 1시간 동안 무제한 생명을 사용할 수 있습니다!,このコンペでは1時間の無制限ライフが与えられます！,Du hast 1 Stunde unbegrenzte Leben für diesen Wettbewerb!,¡Tendrás 1 hora de vidas ilimitadas para esta competencia!,Você terá 1 hora de vidas ilimitadas para esta competição!,Bạn sẽ có 1 giờ với mạng sống không giới hạn cho cuộc thi này!,У тебя будет 1 час бесконечных жизней для этого соревнования!,Kamu akan memiliki 1 jam nyawa tak terbatas untuk kompetisi ini!,คุณจะมีเวลา 1 ชั่วโมงของชีวิตไม่จำกัดสำหรับการแข่งขันนี้!,Tu auras 1 heure de vies illimitées pour cette compétition !,سيكون لديك ساعة واحدة من الأرواح غير المحدودة في هذه المسابقة!,इस प्रतियोगिता के लिए आपके पास 1 घंटे के लिए असीमित जीवन होगा!,Bu yarışma için 1 saat sınırsız canın olacak!
You will have exclusive bonuses until the event ends!,Text,,You will have exclusive bonuses until the event ends!,이벤트가 끝날 때까지 독점 보너스를 받게 됩니다!,イベントが終了するまで限定ボーナスを受け取れます！,"Du erhältst exklusive Boni, bis das Event endet!",¡Tendrás bonificaciones exclusivas hasta que termine el evento!,Você terá bônus exclusivos até o fim do evento!,Bạn sẽ nhận được các phần thưởng độc quyền cho đến khi sự kiện kết thúc!,У тебя будут эксклюзивные бонусы до конца события!,Kamu akan mendapat bonus eksklusif hingga acara berakhir!,คุณจะได้รับโบนัสพิเศษจนกว่างานอีเวนต์จะสิ้นสุด!,Vous bénéficierez de bonus exclusifs jusqu’à la fin de l’événement !,ستحصل على مكافآت حصرية حتى نهاية الحدث!,इवेंट खत्म होने तक आपको एक्सक्लूसिव बोनस मिलते रहेंगे!,Etkinlik bitene kadar özel bonuslara sahip olacaksın!
You will lose a balloon!,Text,,You will lose a balloon!,풍선을 잃게 됩니다!,風船を失うよ！,Du wirst einen Ballon verlieren!,¡Perderás un globo!,Você vai perder um balão!,Bạn sẽ mất một quả bóng bay!,Ты потеряешь шарик!,Kamu akan kehilangan balon!,คุณจะเสียลูกโป่ง!,Tu vas perdre un ballon !,ستفقد بالونًا!,तुम एक गुब्बारा खो दोगे!,Bir balon kaybedeceksin!
You will lose and !,Text,,You will lose <color={[color]}>{[X]}</color> and <color={[color]}>{[Y]}</color>!,<color={[color]}>{[X]}</color>와 <color={[color]}>{[Y]}</color>를 잃게 됩니다!,<color={[color]}>{[X]}</color>と<color={[color]}>{[Y]}</color>を失います！,Du wirst <color={[color]}>{[X]}</color> und <color={[color]}>{[Y]}</color> verlieren!,¡Perderás <color={[color]}>{[X]}</color> y <color={[color]}>{[Y]}</color>!,Você vai perder <color={[color]}>{[X]}</color> e <color={[color]}>{[Y]}</color>!,Bạn sẽ mất <color={[color]}>{[X]}</color> và <color={[color]}>{[Y]}</color>!,Ты потеряешь <color={[color]}>{[X]}</color> и <color={[color]}>{[Y]}</color>!,Kamu akan kehilangan <color={[color]}>{[X]}</color> dan <color={[color]}>{[Y]}</color>!,คุณจะสูญเสีย <color={[color]}>{[X]}</color> และ <color={[color]}>{[Y]}</color>!,Tu perdras <color={[color]}>{[X]}</color> et <color={[color]}>{[Y]}</color> !,ستفقد <color={[color]}>{[X]}</color> و <color={[color]}>{[Y]}</color>!,आप <color={[color]}>{[X]}</color> और <color={[color]}>{[Y]}</color> खो देंगे!,<color={[color]}>{[X]} ve <color={[color]}>{[Y]} kaybedeceksin!
You will lose and fail !,Text,,You will lose <color={[color]}>{[X]}</color> and fail <color={[color]}>{[Y]}</color>!,<color={[color]}>{[X]}</color>를 잃고 <color={[color]}>{[Y]}</color>에 실패하게 됩니다!,<color={[color]}>{[X]}</color>を失い、<color={[color]}>{[Y]}</color>に失敗します！,Du wirst <color={[color]}>{[X]}</color> verlieren und bei <color={[color]}>{[Y]}</color> scheitern!,¡Perderás <color={[color]}>{[X]}</color> y fallarás en <color={[color]}>{[Y]}</color>!,Você vai perder <color={[color]}>{[X]}</color> e falhar em <color={[color]}>{[Y]}</color>!,Bạn sẽ mất <color={[color]}>{[X]}</color> và thất bại trong <color={[color]}>{[Y]}</color>!,Ты потеряешь <color={[color]}>{[X]}</color> и провалишь <color={[color]}>{[Y]}</color>!,Kamu akan kehilangan <color={[color]}>{[X]}</color> dan gagal dalam <color={[color]}>{[Y]}</color>!,คุณจะสูญเสีย <color={[color]}>{[X]}</color> และล้มเหลวใน <color={[color]}>{[Y]}</color>!,Tu perdras <color={[color]}>{[X]}</color> et échoueras à <color={[color]}>{[Y]}</color> !,ستفقد <color={[color]}>{[X]}</color> وتفشل في <color={[color]}>{[Y]}</color>!,आप <color={[color]}>{[X]}</color> खो देंगे और <color={[color]}>{[Y]}</color> में असफल होंगे!,<color={[color]}>{[X]} kaybedecek ve <color={[color]}>{[Y]} başarısız olacak!
"You will lose life, to keep challenging!",Text,,"You will lose <color=#C32F30>{[VALUE]} life</color>, keep challenging!",계속 도전하려면 <color=#C32F30>{[VALUE]} 생명</color>을 잃게 됩니다!,挑戦を続けるには<color=#C32F30>{[VALUE]} ライフ</color>を失います！,"Du verlierst <color=#C32F30>{[VALUE]} Leben</color>, um weiterzumachen!",Perderás <color=#C32F30>{[VALUE]} vida</color> para seguir desafiando!,Você perderá <color=#C32F30>{[VALUE]} vida</color> para continuar desafiando!,Bạn sẽ mất <color=#C32F30>{[VALUE]} mạng</color> để tiếp tục thử thách!,"Вы потеряете <color=#C32F30>{[VALUE]} жизнь</color>, продолжайте испытания!","Kamu akan kehilangan <color=#C32F30>{[VALUE]} nyawa</color>, terus tantang!",คุณจะเสีย <color=#C32F30>{[VALUE]} ชีวิต</color> สู้ต่อไป!,"Tu perdras <color=#C32F30>{[VALUE]} vie</color>, continue de relever le défi !",ستفقد <color=#C32F30>{[VALUE]} حياة واحدة</color>، واصل التحدي!,"आप <color=#C32F30>{[VALUE]} जीवन</color> खो देंगे, चुनौती जारी रखें!","<color=#C32F30>{[VALUE]} can kaybedeceksin, mücadeleye devam et!"
You will lose these!,Text,,You will lose these!,이것들을 잃게 됩니다!,これらを失います！,Du wirst diese verlieren!,¡Perderás estos!,Você perderá isso!,Bạn sẽ mất những thứ này!,Вы это потеряете!,Kamu akan kehilangan ini!,คุณจะเสียสิ่งเหล่านี้!,Tu vas perdre ça !,ستفقد هذه الأشياء!,आप ये खो देंगे!,Bunları kaybedeceksin!
You win,Text,,You win,당신이 승리했습니다,あなたの勝ちです,Du gewinnst,Tú ganas,Você venceu,Bạn đã chiến thắng,Ты победил,Kamu menang,คุณชนะ,Tu as gagné,لقد فزت,आप जीत गए,Kazandın
You'll miss out on:,Text,,You'll miss out on:,놓치게 됩니다:,見逃します:,Du verpasst:,Te perderás:,Você perderá:,Bạn sẽ bỏ lỡ:,Вы упустите:,Kamu akan melewatkan:,คุณจะพลาดสิ่งต่อไปนี้:,Tu passeras à côté de :,ستفوتك:,आपसे ये छूट जाएगा:,Şunu kaçıracaksın:
Your Team Gets,Text,,Your Team Gets,팀이 획득함,あなたのチームが獲得,Dein Team erhält,Tu equipo recibe,Seu Time Recebe,Đội của bạn nhận,Ваша команда получает,Tim Anda Mendapatkan,ทีมของคุณได้รับ,Votre Équipe Reçoit,فريقك يحصل على,आपकी टीम को मिलता है,Takımın Alır
Your discount will automatically apply!,Text,,Your discount will automatically apply!,할인이 자동으로 적용됩니다!,割引は自動的に適用されます！,Dein Rabatt wird automatisch angewendet!,¡Tu descuento se aplicará automáticamente!,Seu desconto será aplicado automaticamente!,Giảm giá sẽ được áp dụng tự động!,Ваша скидка будет применена автоматически!,Diskon Anda akan diterapkan secara otomatis!,ส่วนลดของคุณจะถูกใช้โดยอัตโนมัติ!,Ta réduction sera appliquée automatiquement !,سيتم تطبيق خصمك تلقائيًا!,आपकी छूट अपने आप लागू हो जाएगी!,İndiriminiz otomatik olarak uygulanacak!
Your internet is unstable Please connect it again.,Text,,Your internet is unstable. Please connect it again.,인터넷 연결이 불안정합니다. 다시 연결해주세요.,インターネット接続が不安定です。再接続してください。,Deine Internetverbindung ist instabil. Bitte verbinde dich erneut.,"Tu conexión a internet es inestable. Por favor, conéctala de nuevo.","Sua conexão com a internet está instável. Por favor, reconecte.",Kết nối internet của bạn không ổn định. Vui lòng kết nối lại.,Ваш интернет нестабилен. Подключитесь снова.,Internet kamu tidak stabil. Sambungkan kembali.,อินเทอร์เน็ตของคุณไม่เสถียร โปรดเชื่อมต่ออีกครั้ง,Ta connexion Internet est instable. Merci de te reconnecter.,اتصال الإنترنت غير مستقر. يرجى إعادة الاتصال.,आपका इंटरनेट अस्थिर है। कृपया दोबारा कनेक्ट करें।,İnternet bağlantın kararsız. Lütfen yeniden bağlan.
Your lives are full!!,Text,,Your lives are full!!,생명이 가득 찼습니다!!,ライフが満タンです！！,Deine Leben sind voll!!,¡Tus vidas están completas!,Suas vidas estão cheias!!,Mạng đã đầy!!,Ваши жизни полны!!,Nyawamu penuh!!,ชีวิตของคุณเต็มแล้ว!!,Tes vies sont pleines !!,أرواحك ممتلئة!!,आपकी लाइफ्स पूरी हो गईं!!,Canların dolu!!
a Ballon,Text,,a Balloon,풍선 하나,風船,ein Ballon,un globo,um Balão,một quả bóng bay,воздушный шар,sebuah Balon,ลูกโป่ง,un ballon,بالون,एक गुब्बारा,bir Balon
add,Text,,Add,추가,追加,Hinzufügen,Añadir,Adicionar,Thêm,Добавить,Tambahkan,เพิ่ม,Ajouter,,जोड़ें,Ekle
are you sure?,Text,,are you sure?,확실한가요?,よろしいですか？,Bist du sicher?,¿Estás seguro?,Tem certeza?,Bạn có chắc không?,вы уверены?,yakin?,แน่ใจไหม?,Tu es sûr ?,هل أنت متأكد؟,क्या आप पक्का हैं?,emin misin?
asking for a card!,Text,,asking for a card!,카드를 요청 중입니다!,カードを要求しています！,fordert eine Karte an!,pidiendo una tarjeta!,pedindo uma carta!,đang yêu cầu thẻ!,Просит карту!,meminta kartu!,กำลังขอการ์ด!,demande une carte !,يطلب بطاقة!,कार्ड मांग रहा है!,kart istiyor!
asking for help,Text,,asking for help,도움 요청,助けを求めています,Um Hilfe bitten,Pidiendo ayuda,Pedindo ajuda,Yêu cầu giúp đỡ,Просит о помощи,Minta tolong,ขอความช่วยเหลือ,Demander de l'aide,يطلب المساعدة,मदद मांग रहा है,Yardım istiyor
asking for help!,Text,,asking for help!,도움 요청!,助けを求めています!,um Hilfe bitten!,pidiendo ayuda!,pedindo ajuda!,yêu cầu giúp đỡ!,Просит о помощи!,dinta tolong!,ขอความช่วยเหลือ!,demander de l'aide!,يطلب المساعدة!,मदद मांग रहा है!,Yardım istiyor!
buy more save more,Text,,"buy more, save more",많이 살수록 더 아껴요,買えば買うほどお得！,"Mehr kaufen, mehr sparen","Cuanto más compras, más ahorras","Quanto mais você compra, mais você economiza","Mua càng nhiều, tiết kiệm càng nhiều",Больше покупаешь — больше экономишь,"Beli lebih banyak, hemat lebih banyak",ยิ่งซื้อเยอะ ยิ่งประหยัด,"Plus tu achètes, plus tu économises",كلما اشتريت أكثر، وفّرت أكثر,"जितना ज़्यादा खरीदो, उतनी बचत करो","Ne kadar çok alırsan, o kadar çok tasarruf edersin"
complete_sorting_all_ite,Text,,Complete sorting all items on the tray before time runs out!,시간이 다 되기 전에 쟁반 위의 모든 물건을 완전히 분류하세요!,時間切れになる前に、トレイ上のすべてのアイテムを完全に整理してください！,"Sortiere alle Gegenstände auf dem Tablett vollständig, bevor die Zeit abläuft!",¡Completa la clasificación de todos los artículos en la bandeja antes de que se acabe el tiempo!,Conclua a triagem de todos os itens na bandeja antes que o tempo acabe!,Hoàn thành việc phân loại tất cả các vật phẩm trên khay trước khi hết giờ!,"Успейте отсортировать все предметы на подносе до того, как закончится время!",Selesaikan penyortiran semua item di baki sebelum waktu habis!,เรียงลำดับสิ่งของทั้งหมดบนถาดให้เสร็จก่อนหมดเวลา!,Triez complètement tous les éléments du plateau avant que le temps ne soit écoulé !,,समय समाप्त होने से पहले ट्रे पर मौजूद सभी वस्तुओं को पूरी तरह से छाँट लें!,Süre bitmeden tepsedeki tüm öğeleri tamamen sıralayın!
do_you_want_to_add_time,Text,,Do you want to add time?,시간을 추가하시겠습니까?,時間を追加しますか？,Möchten Sie Zeit hinzufügen?,¿Quieres añadir tiempo?,Você quer adicionar tempo?,Bạn có muốn thêm thời gian không?,Вы хотите добавить время?,Apakah Anda ingin menambahkan waktu?,ต้องการเพิ่มเวลาไหม,Voulez-vous ajouter du temps ?,,क्या आप समय जोड़ना चाहते हैं?,Süre eklemek ister misiniz?
font,TextMeshPFont,,1FTV-VIP-Lilita-One Yellow Outline Shadow,KO_JALNANGOTHICTTF SDF,JP_FUTEHODO-MARUGOTHIC SDF,HVD Fonts  MikadoBlack SDF,HVD Fonts  MikadoBlack SDF,HVD Fonts  MikadoBlack SDF,HVD Fonts  MikadoBlack SDF,movavi-grotesque,HVD Fonts  MikadoBlack SDF,NOTOSANSTHAI-EXTRABOLD SDF,HVD Fonts  MikadoBlack SDF,AligarhArabicFREEPERSONALUSE-Black SDF,BakbakOne-Regular SDF,NOTOSANSTHAI-EXTRABOLD SDF
language,Text,,Language,언어,言語,Sprache,Idioma,Idioma,Ngôn ngữ,Язык,Bahasa,ภาษา,Langue,اللغة,भाषा,Dil
language_name,Text,,English,한국어,日本語,Deutsch,Español,Português,Tiếng Anh,Английский,Inggris,อังกฤษ,Anglais,الإنجليزية,अंग्रेज़ी,İngilizce
message_demote,Text,,{[VALUE]} has been demoted,{[VALUE]} 강등되었습니다,{[VALUE]} が降格されました,{[VALUE]} wurde degradiert,{[VALUE]} ha sido degradado,{[VALUE]} foi rebaixado,{[VALUE]} đã bị giáng chức,{[VALUE]} был понижен,{[VALUE]} telah diturunkan,{[VALUE]} ถูกลดขั้น,{[VALUE]} a été rétrogradé,{[VALUE]} تم تخفيض رتبته,{[VALUE]} को पदावनत किया गया,{[VALUE]} düşürüldü
message_join_team,Text,,{[VALUE]} has joined the team,{[VALUE]} 팀에 합류했습니다,{[VALUE]} がチームに参加しました,{[VALUE]} ist dem Team beigetreten,{[VALUE]} se ha unido al equipo,{[VALUE]} entrou no time,{[VALUE]} đã tham gia đội,{[VALUE]} присоединился к команде,{[VALUE]} telah bergabung dengan tim,{[VALUE]} ได้เข้าร่วมทีม,{[VALUE]} a rejoint l'équipe,{[VALUE]} انضم إلى الفريق,{[VALUE]} टीम में शामिल हुआ,{[VALUE]} takıma katıldı
message_kick_out,Text,,{[VALUE]} has been kicked out of the team,{[VALUE]} 팀에서 추방되었습니다,{[VALUE]} はチームから追放されました,{[VALUE]} wurde aus dem Team geworfen,{[VALUE]} ha sido expulsado del equipo,{[VALUE]} foi expulso do time,{[VALUE]} đã bị đuổi khỏi đội,{[VALUE]} был изгнан из команды,{[VALUE]} telah dikeluarkan dari tim,{[VALUE]} ถูกเตะออกจากทีม,{[VALUE]} a été expulsé de l'équipe,{[VALUE]} تم طرده من الفريق,{[VALUE]} को टीम से निकाला गया,{[VALUE]} takımdan atıldı
message_left_team,Text,,{[VALUE]} has left the team,{[VALUE]} 팀을 떠났습니다,{[VALUE]} がチームを抜けました,{[VALUE]} hat das Team verlassen,{[VALUE]} ha dejado el equipo,{[VALUE]} saiu do time,{[VALUE]} đã rời đội,{[VALUE]} покинул команду,{[VALUE]} telah meninggalkan tim,{[VALUE]} ได้ออกจากทีม,{[VALUE]} a quitté l'équipe,{[VALUE]} غادر الفريق,{[VALUE]} टीम छोड़ चुका है,{[VALUE]} takımdan ayrıldı
message_promote,Text,,{[VALUE]} has been promoted to team Co-leader,{[VALUE]} 공동 리더로 승격되었습니다,{[VALUE]} がチームのサブリーダーに昇格しました,{[VALUE]} wurde zum Co-Leader des Teams befördert,{[VALUE]} ha sido ascendido a colíder del equipo,{[VALUE]} foi promovido a co-líder do time,{[VALUE]} đã được thăng chức thành Phó đội,{[VALUE]} был повышен до со-лидера команды,{[VALUE]} dipromosikan menjadi co-leader tim,{[VALUE]} ได้เลื่อนเป็นรองหัวหน้าทีม,{[VALUE]} a été promu co-leader de l'équipe,{[VALUE]} تمت ترقيته إلى زعيم مشارك للفريق,{[VALUE]} को सह-नेता पद पर पदोन्नत किया गया,{[VALUE]} takım Yardımcı Liderliğine terfi etti
more lives,Text,,More lives,추가 생명,ライフ追加,mehr Leben,más vidas,mais vidas,Thêm mạng,Больше жизней,Lebih banyak nyawa,ชีวิตเพิ่ม,Plus de vies,مزيد من الأرواح,और लाइफ्स,Daha Fazla Can
no internet,Text,,No internet,인터넷 없음,インターネットなし,Kein Internet,sin internet,sem internet,Không có Internet,Нет интернета,Tidak ada internet,ไม่มีอินเทอร์เน็ต,Pas d’Internet,لا يوجد إنترنت,इंटरनेट नहीं है,İnternet Yok
numbers,Text,,1234567890,1234567890,1234567890,1234567890,1234567890,1234567890,1234567890,1234567890,1234567890,1234567890,1234567890,1234567890,1234567890,1234567890
overcooked,Text,,Overcooked,오버쿡,オーバークック,Überkocht,Sobre cocido,Cozido demais,Nấu quá chín,Пережаренный,Terlalu matang,สุกเกินไป,Trop cuit,,ज्यादा पका हुआ,Aşırı pişmiş
purchased,Text,,purchased,구매됨,購入済み,gekauft,comprado,comprado,đã mua,куплено,terbeli,ซื้อแล้ว,acheté,تم الشراء,खरीदा गया,satın alındı
settings,Text,,Settings,설정,設定,Einstellungen,Configuración,Configurações,Cài đặt,Настройки,Pengaturan,การตั้งค่า,Paramètres,الإعدادات,सेटिंग्स,Ayarlar
starbar,Text,,Starbar,스타바,スターバー,Starbar,Starbar,Starbar,Starbar,Старбар,Starbar,สตาร์บาร์,Starbar,,स्टारबार,Starbar
the Treasure Quest,Text,,the Treasure Quest,보물 퀘스트,トレジャークエスト,die Schatzsuche,la búsqueda del tesoro,a Caça ao Tesouro,Cuộc phiêu lưu kho báu,охоту за сокровищами,Pencarian Harta Karun,ภารกิจล่าสมบัติ,la chasse au trésor,مغامرة البحث عن الكنز,ख़ज़ाने की खोज,Hazine Görevi
the Win Streak,Text,,the Win Streak,연승,連勝,die Siegesserie,la racha de victorias,a Sequência de Vitórias,chuỗi thắng,серию побед,Rangkaian Kemenangan,สตรีคชัยชนะ,la série de victoires,سلسلة الفوز,जीत की श्रृंखला,Kazanma Serisi
this_item_cant_be_match,Text,,This item can't be match,이 항목은 일치시킬 수 없습니다.,このアイテムは一致させることができません。,Dieser Artikel kann nicht zugeordnet werden.,Este artículo no se puede encontrar coincidencia.,Este item não pode ser correspondido.,Không thể xếp vật phẩm này.,Этот элемент не может быть сопоставлен.,Barang ini tidak dapat dicocokkan.,ไม่สามารถจับคู่รายการนี้ได้,Cet élément ne peut pas être mis en correspondance.,,यह आइटम मेल नहीं खा सकता,Bu öğe eşleştirilemiyor.
want to join the team,Text,,want to join the team,팀에 가입하고 싶어함,チームに参加したい,Möchte dem Team beitreten,Quiere unirse al equipo,Quer entrar no time,Muốn tham gia đội,Хочет вступить в команду,Ingin bergabung dengan tim,ต้องการเข้าร่วมทีม,Veut rejoindre l'équipe,يريد الانضمام للفريق,टीम से जुड़ना चाहता है,takıma katılmak istiyor
want to join the team!,Text,,want to join the team!,팀에 가입하고 싶어함!,チームに参加したい！,möchte dem Team beitreten!,quiere unirse al equipo!,quer entrar no time!,muốn tham gia đội!,Хочет вступить в команду!,Ingin bergabung dengan tim!,ต้องการเข้าร่วมทีม!,Veut rejoindre l'équipe!,يريد الانضمام للفريق!,टीम से जुड़ना चाहता है!,takıma katılmak istiyor!
when_completing_level_st,Text,,"When completing level, Starbar turns into stars!",레벨을 완료하면 스타 바가 별들로 변합니다!,レベルをクリアすると、スターバーが星に変わります！,Nach Abschluss eines Levels verwandelt sich die Sternleiste in Sterne!,"¡Al completar un nivel, la barra de estrellas se convierte en estrellas!","Ao completar um nível, a barra de estrelas se transforma em estrelas!","Khi hoàn thành màn chơi, thanh Starbar biến thành các ngôi sao!",При завершении уровня Starbar превращается в звезды!,"Saat menyelesaikan level, Starbar berubah menjadi bintang-bintang!",เมื่อเคลียร์ด่านสำเร็จ แถบดาวจะกลายเป็นดาว!,"Lorsque vous terminez un niveau, la barre d'étoiles se transforme en étoiles !",,"लेवल पूरा करने पर, स्टारबार सितारों में बदल जाता है!","Bir seviyeyi tamamladığınızda, Yıldız Çubuğu yıldızlara dönüşür!"
your Gift,Text,,your Gift,당신의 선물,あなたのギフト,dein Geschenk,tu regalo,seu Presente,quà của bạn,твой подарок,Hadiahmu,ของขวัญของคุณ,ton cadeau,هديتك,आपका उपहार,Hediyen
Éclairs,Text,,Eclairs,에클레어,エクレア,Eclairs,Eclairs,Eclairs,Bánh su kem dài,Эклеры,Kue eclair,เอแคลร์,Éclairs,إكلير,एक्लेयर,Ekler
